episode,global_step,epsilon,mean_loss,reward_per_agent_step,mean_price,mean_price_ratio,mean_booking_prob,boundary_hits,seconds
0,365,0.995,,0.235666,214.21,0.707,0.3507,57,0.33
1,730,0.99,,0.308931,253.77,0.8375,0.3904,61,0.33
2,1095,0.9851,0.869615,0.334292,477.29,1.5752,0.303,68,1.35
3,1460,0.9801,0.475161,0.294,325.65,1.0747,0.3233,12,4.37
4,1825,0.9752,0.120336,0.256704,245.96,0.8117,0.3476,24,4.3
5,2190,0.9704,0.097996,0.324453,315.99,1.0429,0.323,17,3.35
6,2555,0.9655,0.10325,0.300979,277.23,0.915,0.328,48,3.52
7,2920,0.9607,0.097647,0.262606,258.2,0.8521,0.3372,36,3.23
8,3285,0.9559,0.097567,0.302934,289.98,0.957,0.3756,56,4.18
9,3650,0.9511,0.095887,0.371641,379.65,1.253,0.3414,15,4.11
10,4015,0.9464,0.100151,0.270888,265.04,0.8747,0.3645,40,3.34
11,4380,0.9416,0.096132,0.285494,301.85,0.9962,0.3417,34,3.41
12,4745,0.9369,0.097836,0.312756,304.77,1.0058,0.3412,39,3.19
13,5110,0.9322,0.097749,0.278458,238.43,0.7869,0.3657,46,3.38
14,5475,0.9276,0.094221,0.236007,201.84,0.6661,0.3328,82,3.4
15,5840,0.9229,0.094907,0.379193,354.49,1.1699,0.3273,8,4.2
16,6205,0.9183,0.095616,0.247174,274.7,0.9066,0.3345,52,4.37
17,6570,0.9137,0.095902,0.293936,279.79,0.9234,0.3345,51,4.46
18,6935,0.9092,0.097626,0.350438,418.72,1.3819,0.2906,20,3.95
19,7300,0.9046,0.09791,0.247913,226.83,0.7486,0.3628,64,3.67
20,7665,0.9001,0.09729,0.295978,277.4,0.9155,0.3463,44,4.36
21,8030,0.8956,0.097421,0.295875,311.0,1.0264,0.3582,50,4.41
22,8395,0.8911,0.09874,0.337353,439.61,1.4508,0.2819,6,4.41
23,8760,0.8867,0.102816,0.382515,437.9,1.4452,0.3508,27,4.4
24,9125,0.8822,0.105721,0.329163,320.42,1.0575,0.3645,46,4.14
25,9490,0.8778,0.105772,0.235439,237.49,0.7838,0.3488,61,4.34
26,9855,0.8734,0.1064,0.321055,323.15,1.0665,0.3655,44,4.3
27,10220,0.8691,0.10729,0.316243,292.56,0.9656,0.3355,47,4.33
28,10585,0.8647,0.107516,0.310254,301.95,0.9965,0.3604,54,4.34
29,10950,0.8604,0.108224,0.30669,318.81,1.0522,0.3729,86,4.37
30,11315,0.8561,0.109051,0.360098,318.96,1.0527,0.3672,19,3.37
31,11680,0.8518,0.109112,0.263981,275.16,0.9081,0.3404,53,3.08
32,12045,0.8475,0.10865,0.286183,264.27,0.8722,0.3353,61,3.01
33,12410,0.8433,0.107085,0.29627,258.88,0.8544,0.3447,92,3.32
34,12775,0.8391,0.106139,0.249595,227.54,0.7509,0.3568,90,3.86
35,13140,0.8349,0.107443,0.394352,385.61,1.2726,0.343,11,3.03
36,13505,0.8307,0.109385,0.403128,366.9,1.2109,0.3309,72,3.74
37,13870,0.8266,0.111798,0.331929,312.1,1.03,0.3557,35,3.08
38,14235,0.8224,0.11203,0.295063,258.34,0.8526,0.3631,42,3.13
39,14600,0.8183,0.110035,0.268818,257.51,0.8499,0.3527,74,4.35
40,14965,0.8142,0.11231,0.36282,355.96,1.1748,0.3664,30,3.71
41,15330,0.8102,0.114333,0.334399,330.41,1.0905,0.3733,40,3.37
42,15695,0.8061,0.113908,0.26568,252.0,0.8317,0.3355,77,3.09
43,16060,0.8021,0.113474,0.268462,282.83,0.9334,0.3749,56,3.25
44,16425,0.7981,0.114095,0.343411,286.77,0.9465,0.3882,76,4.32
45,16790,0.7941,0.114443,0.353891,413.47,1.3646,0.3224,20,4.27
46,17155,0.7901,0.116696,0.317033,315.76,1.0421,0.352,35,3.93
47,17520,0.7862,0.117629,0.321863,293.96,0.9702,0.3627,81,3.06
48,17885,0.7822,0.119874,0.388113,395.62,1.3057,0.3605,32,3.11
49,18250,0.7783,0.118455,0.367233,337.19,1.1129,0.3387,48,4.07
50,18615,0.7744,0.118223,0.292943,283.26,0.9349,0.3594,28,4.46
51,18980,0.7705,0.117914,0.323912,290.41,0.9585,0.3543,77,4.47
52,19345,0.7667,0.118857,0.307322,248.59,0.8204,0.3706,80,4.36
53,19710,0.7629,0.118553,0.317643,247.4,0.8165,0.3765,84,4.37
54,20075,0.759,0.118211,0.303679,249.11,0.8222,0.3658,54,4.44
55,20440,0.7553,0.117361,0.302132,281.47,0.9289,0.3696,66,3.56
56,20805,0.7515,0.117715,0.336784,270.58,0.893,0.3652,75,3.71
57,21170,0.7477,0.118413,0.302673,300.44,0.9916,0.363,52,4.1
58,21535,0.744,0.117967,0.309989,299.68,0.989,0.3545,79,4.1
59,21900,0.7403,0.117997,0.335566,325.47,1.0742,0.3386,86,3.97
60,22265,0.7366,0.119353,0.290857,259.54,0.8566,0.3622,60,3.82
61,22630,0.7329,0.118928,0.306671,281.11,0.9278,0.3481,73,3.75
62,22995,0.7292,0.118853,0.270465,249.15,0.8223,0.3637,89,3.39
63,23360,0.7256,0.117472,0.288212,293.17,0.9676,0.3303,73,3.01
64,23725,0.7219,0.119016,0.341899,262.38,0.866,0.3489,79,3.52
65,24090,0.7183,0.118049,0.369153,328.23,1.0833,0.3417,62,2.84
66,24455,0.7147,0.119199,0.29645,264.95,0.8744,0.3545,92,2.81
67,24820,0.7112,0.117789,0.31439,267.95,0.8843,0.3839,78,3.45
68,25185,0.7076,0.119633,0.312692,279.03,0.9209,0.354,57,2.64
69,25550,0.7041,0.118504,0.390902,350.02,1.1552,0.325,86,2.79
70,25915,0.7005,0.119342,0.356737,315.36,1.0408,0.336,69,3.25
71,26280,0.697,0.120242,0.267059,240.31,0.7931,0.3589,75,4.16
72,26645,0.6936,0.119925,0.376984,324.26,1.0702,0.3605,66,4.26
73,27010,0.6901,0.11939,0.327763,278.8,0.9201,0.3603,103,3.66
74,27375,0.6866,0.120179,0.271717,241.97,0.7986,0.3442,134,3.34
75,27740,0.6832,0.120234,0.302067,281.52,0.9291,0.3549,68,4.19
76,28105,0.6798,0.119432,0.313375,255.98,0.8448,0.3529,79,3.44
77,28470,0.6764,0.118114,0.370434,306.27,1.0108,0.3234,107,3.39
78,28835,0.673,0.119136,0.343597,291.34,0.9615,0.3379,91,3.81
79,29200,0.6696,0.119584,0.362382,307.89,1.0162,0.3679,68,3.78
80,29565,0.6663,0.121536,0.344023,313.31,1.034,0.3455,38,3.65
81,29930,0.663,0.121575,0.349297,279.59,0.9227,0.3591,104,3.66
82,30295,0.6597,0.121451,0.302828,271.64,0.8965,0.3375,72,4.17
83,30660,0.6564,0.121733,0.302867,258.14,0.8519,0.3573,97,3.79
84,31025,0.6531,0.121641,0.279008,237.14,0.7827,0.3338,97,3.94
85,31390,0.6498,0.120201,0.31215,260.52,0.8598,0.3527,112,3.91
86,31755,0.6466,0.120952,0.285469,254.57,0.8402,0.3596,89,4.07
87,32120,0.6433,0.12081,0.368547,380.68,1.2564,0.3194,83,3.88
88,32485,0.6401,0.122508,0.377596,367.79,1.2138,0.3046,97,3.88
89,32850,0.6369,0.12003,0.322954,258.45,0.853,0.3615,88,3.85
90,33215,0.6337,0.120229,0.346753,293.7,0.9693,0.3657,61,3.71
91,33580,0.6306,0.120517,0.355332,336.66,1.1111,0.3558,87,4.32
92,33945,0.6274,0.118694,0.341173,309.01,1.0198,0.3439,62,4.15
93,34310,0.6243,0.11841,0.344228,329.48,1.0874,0.3241,67,3.45
94,34675,0.6211,0.119315,0.272827,245.55,0.8104,0.3472,135,4.05
95,35040,0.618,0.119998,0.36481,337.6,1.1142,0.3161,111,3.66
96,35405,0.6149,0.119898,0.288085,263.36,0.8692,0.3677,71,3.7
97,35770,0.6119,0.121858,0.320036,283.73,0.9364,0.3449,68,3.51
98,36135,0.6088,0.121965,0.382729,359.78,1.1874,0.3244,68,3.51
99,36500,0.6058,0.122749,0.335247,298.03,0.9836,0.344,78,4.28
100,36865,0.6027,0.121976,0.268993,256.11,0.8453,0.3611,99,4.21
101,37230,0.5997,0.121107,0.299527,275.07,0.9078,0.3388,103,3.6
102,37595,0.5967,0.122372,0.291397,251.28,0.8293,0.3588,92,3.41
103,37960,0.5937,0.12097,0.327071,312.93,1.0328,0.355,74,3.53
104,38325,0.5908,0.120892,0.356273,316.92,1.0459,0.3481,85,4.4
105,38690,0.5878,0.121935,0.298356,277.83,0.9169,0.3632,72,3.77
106,39055,0.5849,0.121047,0.330146,316.9,1.0459,0.3528,118,3.92
107,39420,0.582,0.120166,0.339966,295.01,0.9736,0.3461,106,4.26
108,39785,0.579,0.121033,0.298122,267.53,0.8829,0.3513,117,3.32
109,40150,0.5762,0.120783,0.290491,264.06,0.8715,0.3575,107,3.41
110,40515,0.5733,0.120056,0.300994,286.09,0.9442,0.336,84,3.54
111,40880,0.5704,0.120529,0.377107,299.54,0.9886,0.3686,65,3.78
112,41245,0.5676,0.12101,0.250017,279.33,0.9219,0.3346,107,3.74
113,41610,0.5647,0.119966,0.357618,331.31,1.0934,0.3442,121,3.83
114,41975,0.5619,0.120597,0.280127,253.17,0.8356,0.3273,103,3.6
115,42340,0.5591,0.118096,0.372742,316.93,1.046,0.3328,77,3.29
116,42705,0.5563,0.118613,0.250541,266.53,0.8796,0.3587,108,3.32
117,43070,0.5535,0.118847,0.349206,332.05,1.0959,0.3093,79,4.03
118,43435,0.5507,0.119095,0.341331,311.61,1.0284,0.3618,57,3.34
119,43800,0.548,0.119361,0.346177,314.24,1.0371,0.3272,113,3.33
120,44165,0.5452,0.118511,0.383569,403.17,1.3306,0.3132,67,3.95
121,44530,0.5425,0.120152,0.379678,343.21,1.1327,0.3731,50,4.23
122,44895,0.5398,0.120039,0.287405,242.81,0.8014,0.3498,105,4.47
123,45260,0.5371,0.119402,0.346245,304.41,1.0047,0.3376,155,4.48
124,45625,0.5344,0.11858,0.324083,328.74,1.0849,0.3255,103,4.49
125,45990,0.5318,0.119643,0.391083,329.07,1.086,0.3814,104,4.5
126,46355,0.5291,0.120177,0.364813,358.19,1.1821,0.3414,107,3.42
127,46720,0.5264,0.121309,0.34391,298.08,0.9838,0.3557,104,3.39
128,47085,0.5238,0.121363,0.299555,252.31,0.8327,0.3564,119,4.08
129,47450,0.5212,0.120665,0.341175,296.03,0.977,0.3572,61,4.51
130,47815,0.5186,0.12035,0.316786,290.8,0.9597,0.3814,97,4.45
131,48180,0.516,0.120386,0.341206,361.59,1.1934,0.336,20,3.64
132,48545,0.5134,0.120375,0.391902,346.37,1.1431,0.3385,66,4.15
133,48910,0.5108,0.118747,0.338964,295.9,0.9766,0.3485,93,4.37
134,49275,0.5083,0.118609,0.299633,232.58,0.7676,0.37,135,3.94
135,49640,0.5058,0.118559,0.323119,247.56,0.817,0.3693,133,3.37
136,50005,0.5032,0.11756,0.368708,275.27,0.9085,0.366,111,3.24
137,50370,0.5007,0.121084,0.287879,236.61,0.7809,0.3615,112,3.16
138,50735,0.4982,0.119021,0.272143,243.98,0.8052,0.3674,144,3.19
139,51100,0.4957,0.118809,0.308664,253.95,0.8381,0.3643,103,3.74
140,51465,0.4932,0.118511,0.3489,286.76,0.9464,0.3579,92,3.29
141,51830,0.4908,0.11952,0.262531,234.72,0.7747,0.3608,125,3.6
142,52195,0.4883,0.120561,0.277341,230.41,0.7604,0.3739,152,3.17
143,52560,0.4859,0.120273,0.271142,261.08,0.8617,0.3656,116,3.25
144,52925,0.4834,0.117904,0.331844,266.17,0.8785,0.372,101,3.21
145,53290,0.481,0.118864,0.336125,253.89,0.8379,0.3827,94,3.2
146,53655,0.4786,0.119769,0.296993,248.2,0.8192,0.369,106,3.19
147,54020,0.4762,0.120583,0.308372,278.01,0.9175,0.3534,99,3.16
148,54385,0.4738,0.121512,0.320161,248.45,0.82,0.3666,112,3.23
149,54750,0.4715,0.120904,0.297597,263.5,0.8696,0.3774,149,3.29
150,55115,0.4691,0.119665,0.302014,250.44,0.8265,0.3591,72,3.24
151,55480,0.4668,0.118665,0.26744,249.34,0.8229,0.3575,100,3.18
152,55845,0.4644,0.119864,0.334065,301.44,0.9948,0.331,123,3.28
153,56210,0.4621,0.120835,0.309973,280.31,0.9251,0.3654,149,4.34
154,56575,0.4598,0.11978,0.376704,318.32,1.0506,0.3705,85,4.42
155,56940,0.4575,0.118654,0.339326,280.25,0.9249,0.3628,101,4.41
156,57305,0.4552,0.119086,0.293592,222.98,0.7359,0.3634,205,4.47
157,57670,0.4529,0.118274,0.335621,257.2,0.8488,0.3678,151,4.39
158,58035,0.4507,0.119779,0.267327,290.6,0.9591,0.3154,161,3.57
159,58400,0.4484,0.119685,0.312179,331.01,1.0925,0.3159,127,3.85
160,58765,0.4462,0.120422,0.304418,255.59,0.8435,0.3543,156,3.93
161,59130,0.444,0.12056,0.306635,298.07,0.9837,0.365,117,3.59
162,59495,0.4417,0.121091,0.300476,278.45,0.919,0.3563,182,3.77
163,59860,0.4395,0.121525,0.326756,298.24,0.9843,0.3371,130,3.86
164,60225,0.4373,0.12023,0.326592,295.47,0.9751,0.3461,158,3.63
165,60590,0.4351,0.120752,0.317212,339.0,1.1188,0.3044,143,4.02
166,60955,0.433,0.122425,0.333986,290.82,0.9598,0.3417,132,4.46
167,61320,0.4308,0.122042,0.303734,287.4,0.9485,0.3548,139,4.41
168,61685,0.4286,0.121222,0.357068,290.05,0.9573,0.3672,140,3.1
169,62050,0.4265,0.120335,0.279073,245.55,0.8104,0.3708,203,3.05
170,62415,0.4244,0.121912,0.299582,266.25,0.8787,0.3719,147,3.34
171,62780,0.4223,0.121258,0.297487,304.59,1.0052,0.3299,140,3.09
172,63145,0.4201,0.121359,0.367535,341.18,1.126,0.3659,79,3.24
173,63510,0.418,0.120436,0.273413,248.73,0.8209,0.3748,115,3.49
174,63875,0.4159,0.121161,0.352143,297.4,0.9815,0.3813,86,3.01
175,64240,0.4139,0.121617,0.266449,246.01,0.8119,0.3491,139,3.16
176,64605,0.4118,0.122118,0.31576,277.17,0.9148,0.3713,120,3.36
177,64970,0.4097,0.123432,0.300373,239.91,0.7918,0.3536,148,3.15
178,65335,0.4077,0.122437,0.311274,288.01,0.9505,0.3448,125,3.05
179,65700,0.4057,0.122502,0.399174,376.41,1.2423,0.312,53,3.09
180,66065,0.4036,0.121641,0.352178,317.27,1.0471,0.3575,53,3.23
181,66430,0.4016,0.121581,0.351204,312.94,1.0328,0.3374,164,3.27
182,66795,0.3996,0.123254,0.34964,317.25,1.047,0.3413,94,3.58
183,67160,0.3976,0.123216,0.328594,300.72,0.9925,0.3536,185,3.22
184,67525,0.3956,0.124646,0.322248,289.27,0.9547,0.3396,114,3.21
185,67890,0.3936,0.123957,0.307316,271.97,0.8976,0.3635,104,3.08
186,68255,0.3917,0.124156,0.298137,287.57,0.9491,0.3584,76,4.08
187,68620,0.3897,0.12516,0.284703,241.58,0.7973,0.3543,146,3.52
188,68985,0.3878,0.124807,0.299819,263.4,0.8693,0.3472,139,3.14
189,69350,0.3858,0.122103,0.317654,292.53,0.9654,0.3548,96,3.22
190,69715,0.3839,0.121735,0.314133,393.87,1.2999,0.3051,69,3.27
191,70080,0.382,0.122481,0.26731,247.39,0.8165,0.3581,139,3.07
192,70445,0.3801,0.123061,0.314631,302.78,0.9993,0.3608,97,3.22
193,70810,0.3782,0.123342,0.303914,280.27,0.925,0.3335,179,3.19
194,71175,0.3763,0.121632,0.307121,257.99,0.8514,0.3531,139,3.2
195,71540,0.3744,0.122289,0.341163,306.22,1.0106,0.3358,161,3.2
196,71905,0.3725,0.121541,0.321927,266.38,0.8792,0.3485,78,3.21
197,72270,0.3707,0.121851,0.321769,261.97,0.8646,0.3505,150,3.23
198,72635,0.3688,0.123,0.412861,393.75,1.2995,0.3185,87,3.27
199,73000,0.367,0.123049,0.323312,275.05,0.9077,0.3549,134,3.2
200,73365,0.3651,0.124708,0.323385,269.76,0.8903,0.3561,136,4.45
201,73730,0.3633,0.123418,0.341919,284.04,0.9374,0.3561,129,3.25
202,74095,0.3615,0.120709,0.265176,233.8,0.7716,0.3593,201,4.07
203,74460,0.3597,0.119216,0.294819,257.94,0.8513,0.3724,153,3.72
204,74825,0.3579,0.12002,0.302305,262.05,0.8649,0.3566,124,3.9
205,75190,0.3561,0.120637,0.332609,289.88,0.9567,0.3547,163,4.37
206,75555,0.3543,0.121642,0.311468,274.12,0.9047,0.3489,165,4.46
207,75920,0.3525,0.121352,0.398947,355.9,1.1746,0.3216,88,4.47
208,76285,0.3508,0.121418,0.345805,369.2,1.2185,0.3148,119,3.98
209,76650,0.349,0.121918,0.330022,364.93,1.2044,0.3378,76,3.4
210,77015,0.3473,0.123791,0.426514,415.18,1.3702,0.3191,99,3.8
211,77380,0.3455,0.123915,0.36524,313.71,1.0353,0.3522,50,3.68
212,77745,0.3438,0.123899,0.330596,337.74,1.1147,0.3365,80,3.19
213,78110,0.3421,0.124344,0.386527,357.18,1.1788,0.3367,120,3.18
214,78475,0.3404,0.124414,0.3608,397.36,1.3114,0.3374,49,3.11
215,78840,0.3387,0.124852,0.413478,415.84,1.3724,0.3273,119,3.19
216,79205,0.337,0.124773,0.346615,312.4,1.031,0.341,94,3.23
217,79570,0.3353,0.12361,0.354756,318.96,1.0527,0.3765,91,3.17
218,79935,0.3336,0.12501,0.344467,355.14,1.1721,0.3284,139,3.22
219,80300,0.332,0.125629,0.368486,298.66,0.9857,0.342,138,3.61
220,80665,0.3303,0.125726,0.275467,226.3,0.7469,0.3706,143,4.21
221,81030,0.3286,0.125752,0.361513,402.32,1.3278,0.3124,126,4.48
222,81395,0.327,0.126076,0.366562,344.38,1.1366,0.3481,112,3.91
223,81760,0.3254,0.127421,0.343931,505.25,1.6675,0.267,137,3.3
224,82125,0.3237,0.127178,0.400913,482.15,1.5912,0.2922,148,3.2
225,82490,0.3221,0.127334,0.34287,355.59,1.1736,0.3375,93,3.83
226,82855,0.3205,0.126609,0.341675,364.36,1.2025,0.3256,141,4.17
227,83220,0.3189,0.128402,0.388941,403.23,1.3308,0.3109,125,3.71
228,83585,0.3173,0.129095,0.422767,368.26,1.2154,0.3195,113,3.92
229,83950,0.3157,0.127889,0.380593,358.78,1.1841,0.3655,56,3.78
230,84315,0.3141,0.12742,0.308727,273.08,0.9013,0.3579,89,3.65
231,84680,0.3126,0.127106,0.317874,323.89,1.0689,0.3468,116,4.49
232,85045,0.311,0.127474,0.313448,317.22,1.0469,0.3553,100,4.53
233,85410,0.3095,0.127072,0.404809,385.57,1.2725,0.346,107,3.67
234,85775,0.3079,0.128787,0.334264,301.97,0.9966,0.3327,112,4.23
235,86140,0.3064,0.127719,0.355781,294.97,0.9735,0.3703,78,4.54
236,86505,0.3048,0.126657,0.337851,323.19,1.0666,0.3373,72,4.09
237,86870,0.3033,0.125869,0.296367,279.04,0.9209,0.3521,127,4.31
238,87235,0.3018,0.126438,0.324316,286.61,0.9459,0.3655,164,4.2
239,87600,0.3003,0.126199,0.309155,289.44,0.9552,0.3531,114,4.32
240,87965,0.2988,0.126819,0.317208,284.01,0.9373,0.3523,167,4.36
241,88330,0.2973,0.126961,0.336263,288.47,0.9521,0.3383,154,4.19
242,88695,0.2958,0.126911,0.345684,333.87,1.1019,0.3484,149,3.63
243,89060,0.2943,0.127564,0.415147,360.36,1.1893,0.3275,129,3.37
244,89425,0.2929,0.12708,0.347678,308.04,1.0166,0.3466,127,3.4
245,89790,0.2914,0.127269,0.30047,243.71,0.8043,0.3646,123,2.93
246,90155,0.2899,0.127317,0.398938,345.07,1.1389,0.3349,135,2.93
247,90520,0.2885,0.127977,0.360551,315.84,1.0424,0.3288,162,2.66
248,90885,0.287,0.127962,0.310668,296.11,0.9773,0.351,125,2.67
249,91250,0.2856,0.12867,0.354461,333.92,1.102,0.3443,193,2.68
250,91615,0.2842,0.129151,0.286409,241.69,0.7977,0.3675,158,2.64
251,91980,0.2828,0.132006,0.303459,256.81,0.8476,0.3635,164,2.65
252,92345,0.2813,0.129391,0.346992,373.05,1.2312,0.3061,140,2.9
253,92710,0.2799,0.129391,0.366321,342.7,1.131,0.3364,123,2.69
254,93075,0.2785,0.129337,0.306956,273.77,0.9035,0.3696,130,2.7
255,93440,0.2771,0.130736,0.275948,249.3,0.8228,0.3436,163,2.73
256,93805,0.2758,0.130641,0.398574,377.68,1.2465,0.3166,134,3.27
257,94170,0.2744,0.130023,0.3385,345.31,1.1396,0.3417,184,3.23
258,94535,0.273,0.128276,0.298975,248.17,0.819,0.363,136,3.34
259,94900,0.2716,0.129975,0.300371,256.17,0.8455,0.3666,102,3.62
260,95265,0.2703,0.130027,0.365698,319.59,1.0548,0.3264,113,4.41
261,95630,0.2689,0.128166,0.324274,283.18,0.9346,0.3553,116,4.18
262,95995,0.2676,0.127818,0.333742,319.12,1.0532,0.3233,134,3.79
263,96360,0.2663,0.128681,0.311802,290.97,0.9603,0.3489,69,4.39
264,96725,0.2649,0.129039,0.299849,263.57,0.8699,0.3576,87,3.7
265,97090,0.2636,0.128643,0.356239,309.1,1.0201,0.3596,84,4.54
266,97455,0.2623,0.127304,0.329911,280.92,0.9271,0.3595,166,4.52
267,97820,0.261,0.129039,0.355052,409.31,1.3509,0.3223,175,3.91
268,98185,0.2597,0.129524,0.384011,348.77,1.151,0.3527,81,4.19
269,98550,0.2584,0.129962,0.357947,357.49,1.1798,0.3298,103,4.21
270,98915,0.2571,0.129015,0.336355,387.69,1.2795,0.2984,127,3.91
271,99280,0.2558,0.128986,0.310953,329.58,1.0877,0.3479,183,3.93
272,99645,0.2545,0.127645,0.36775,358.68,1.1838,0.362,89,4.22
273,100010,0.2532,0.128039,0.356539,278.37,0.9187,0.3558,202,3.73
274,100375,0.252,0.130328,0.357282,359.57,1.1867,0.3296,115,4.28
275,100740,0.2507,0.129148,0.323995,277.08,0.9145,0.3698,90,4.18
276,101105,0.2495,0.130779,0.296543,264.2,0.872,0.3797,212,3.77
277,101470,0.2482,0.131753,0.319507,266.96,0.881,0.3764,101,4.15
278,101835,0.247,0.129895,0.359768,285.42,0.942,0.3545,124,4.39
279,102200,0.2457,0.129381,0.307209,294.41,0.9717,0.3609,76,4.21
280,102565,0.2445,0.129962,0.320019,305.24,1.0074,0.3449,109,4.29
281,102930,0.2433,0.131239,0.384678,383.85,1.2668,0.3026,75,4.63
282,103295,0.2421,0.130197,0.350394,333.25,1.0998,0.3428,129,4.54
283,103660,0.2409,0.130316,0.381228,356.32,1.176,0.3267,132,4.04
284,104025,0.2397,0.131416,0.394832,371.69,1.2267,0.3125,148,4.2
285,104390,0.2385,0.131621,0.429746,365.73,1.207,0.3085,127,4.27
286,104755,0.2373,0.132291,0.334238,285.66,0.9428,0.3639,116,4.2
287,105120,0.2361,0.133351,0.298743,254.47,0.8398,0.3519,107,4.09
288,105485,0.2349,0.13469,0.352248,296.43,0.9783,0.3661,94,4.77
289,105850,0.2337,0.133358,0.323432,334.76,1.1048,0.3494,71,4.15
290,106215,0.2326,0.132047,0.359148,328.31,1.0835,0.3432,84,4.77
291,106580,0.2314,0.133807,0.268764,249.51,0.8235,0.3601,123,4.06
292,106945,0.2302,0.133566,0.294813,251.23,0.8291,0.3658,143,3.92
293,107310,0.2291,0.133787,0.311348,258.24,0.8523,0.3575,178,4.55
294,107675,0.2279,0.132941,0.39652,353.45,1.1665,0.3273,125,4.15
295,108040,0.2268,0.132787,0.318801,265.31,0.8756,0.3675,119,3.85
296,108405,0.2257,0.131691,0.268043,233.62,0.771,0.3715,136,3.81
297,108770,0.2245,0.131503,0.313754,277.14,0.9146,0.3483,117,4.28
298,109135,0.2234,0.129656,0.238994,222.37,0.7339,0.3713,181,4.09
299,109500,0.2223,0.129038,0.241851,226.72,0.7482,0.3584,195,4.14
300,109865,0.2212,0.130403,0.256948,219.39,0.7241,0.3704,209,4.09
301,110230,0.2201,0.12887,0.339159,301.37,0.9946,0.3524,102,3.76
302,110595,0.219,0.129078,0.383214,353.02,1.1651,0.3489,58,3.76
303,110960,0.2179,0.128947,0.247506,260.37,0.8593,0.3587,161,4.15
304,111325,0.2168,0.130912,0.364,288.5,0.9521,0.3524,121,4.27
305,111690,0.2157,0.128459,0.338179,311.15,1.0269,0.3368,127,3.85
306,112055,0.2146,0.1279,0.358333,284.34,0.9384,0.3518,201,3.75
307,112420,0.2136,0.127589,0.325879,292.99,0.967,0.3266,121,4.58
308,112785,0.2125,0.127449,0.301322,256.74,0.8473,0.3453,173,4.11
309,113150,0.2114,0.127326,0.378639,401.0,1.3234,0.3065,96,4.03
310,113515,0.2104,0.129303,0.356073,342.08,1.129,0.3385,102,4.0
311,113880,0.2093,0.127828,0.347298,288.44,0.952,0.3479,126,4.25
312,114245,0.2083,0.127206,0.363051,329.52,1.0875,0.3303,122,4.69
313,114610,0.2072,0.126788,0.297697,267.55,0.883,0.341,151,3.82
314,114975,0.2062,0.128076,0.380774,310.27,1.024,0.3412,92,4.24
315,115340,0.2052,0.129833,0.230842,285.84,0.9434,0.3177,188,4.46
316,115705,0.2041,0.128753,0.368006,337.25,1.113,0.3422,120,3.98
317,116070,0.2031,0.127542,0.238718,221.75,0.7318,0.3646,128,3.94
318,116435,0.2021,0.128516,0.380845,340.07,1.1223,0.3461,95,3.59
319,116800,0.2011,0.128209,0.399271,377.57,1.2461,0.3144,168,4.16
320,117165,0.2001,0.12666,0.329758,289.22,0.9545,0.3625,158,3.72
321,117530,0.1991,0.127409,0.348031,320.44,1.0576,0.333,120,3.77
322,117895,0.1981,0.127395,0.320317,320.29,1.0571,0.331,159,4.25
323,118260,0.1971,0.127828,0.354034,313.14,1.0335,0.3465,147,4.2
324,118625,0.1961,0.128928,0.363524,342.05,1.1289,0.332,115,3.82
325,118990,0.1951,0.128372,0.334976,319.62,1.0548,0.3161,153,4.13
326,119355,0.1942,0.127986,0.295396,292.54,0.9655,0.3509,122,4.49
327,119720,0.1932,0.129257,0.320098,345.85,1.1414,0.3328,102,4.61
328,120085,0.1922,0.128625,0.4344,440.25,1.453,0.3368,104,3.76
329,120450,0.1913,0.129602,0.35726,400.73,1.3225,0.3184,101,3.98
330,120815,0.1903,0.131322,0.503072,465.88,1.5376,0.3189,176,3.78
331,121180,0.1893,0.131398,0.374067,367.36,1.2124,0.3274,106,3.98
332,121545,0.1884,0.131039,0.317354,299.93,0.9899,0.3625,102,3.98
333,121910,0.1875,0.131368,0.44339,369.7,1.2201,0.373,110,4.11
334,122275,0.1865,0.131363,0.367209,342.53,1.1305,0.3594,51,3.39
335,122640,0.1856,0.131556,0.293611,332.1,1.096,0.3328,116,3.93
336,123005,0.1847,0.131513,0.360466,367.89,1.2142,0.3372,83,4.09
337,123370,0.1837,0.130947,0.441591,385.91,1.2736,0.3401,69,3.66
338,123735,0.1828,0.133002,0.334744,327.8,1.0818,0.3505,92,3.82
339,124100,0.1819,0.131077,0.374538,383.41,1.2654,0.3399,128,3.4
340,124465,0.181,0.131076,0.379067,367.17,1.2118,0.3314,123,4.05
341,124830,0.1801,0.130812,0.294096,255.69,0.8439,0.3657,98,4.5
342,125195,0.1792,0.131333,0.373018,386.16,1.2745,0.3285,41,4.0
343,125560,0.1783,0.131398,0.335705,321.85,1.0622,0.3422,104,4.1
344,125925,0.1774,0.130894,0.41234,394.14,1.3008,0.3238,66,3.48
345,126290,0.1765,0.132299,0.344939,388.81,1.2832,0.3235,76,4.21
346,126655,0.1756,0.131246,0.32332,316.73,1.0453,0.3469,71,3.72
347,127020,0.1748,0.132779,0.375704,347.68,1.1475,0.3334,128,4.61
348,127385,0.1739,0.13269,0.427769,403.29,1.331,0.3396,93,3.99
349,127750,0.173,0.133303,0.399953,366.24,1.2087,0.3328,73,4.45
350,128115,0.1721,0.133598,0.33718,381.74,1.2599,0.3177,97,3.94
351,128480,0.1713,0.134068,0.360945,315.13,1.04,0.365,55,3.87
352,128845,0.1704,0.131698,0.289267,315.79,1.0422,0.3532,96,3.39
353,129210,0.1696,0.130597,0.386208,378.37,1.2487,0.3282,86,4.66
354,129575,0.1687,0.130926,0.368289,324.34,1.0704,0.3489,74,4.6
355,129940,0.1679,0.130421,0.358485,485.57,1.6025,0.2736,156,3.92
356,130305,0.167,0.131283,0.37761,347.98,1.1485,0.3511,64,4.27
357,130670,0.1662,0.131726,0.379349,341.92,1.1284,0.3391,137,4.44
358,131035,0.1654,0.132677,0.318119,351.01,1.1585,0.3453,140,4.4
359,131400,0.1646,0.132198,0.334536,432.79,1.4284,0.3055,143,3.91
360,131765,0.1637,0.13246,0.356254,431.44,1.4239,0.3001,92,4.57
361,132130,0.1629,0.132984,0.290209,300.33,0.9912,0.353,77,4.56
362,132495,0.1621,0.133929,0.420643,444.6,1.4673,0.3216,103,4.09
363,132860,0.1613,0.132031,0.3033,309.67,1.022,0.368,90,4.44
364,133225,0.1605,0.132625,0.388854,357.27,1.1791,0.3345,114,4.14
365,133590,0.1597,0.132777,0.307237,366.33,1.209,0.3213,46,4.59
366,133955,0.1589,0.133713,0.411386,386.16,1.2745,0.3262,97,4.56
367,134320,0.1581,0.133837,0.419337,447.99,1.4785,0.3346,130,4.2
368,134685,0.1573,0.134423,0.350803,380.94,1.2572,0.3021,143,3.75
369,135050,0.1565,0.133965,0.360195,417.67,1.3784,0.3133,73,4.54
370,135415,0.1557,0.134579,0.459157,405.84,1.3394,0.3299,100,4.52
371,135780,0.1549,0.133977,0.407481,349.55,1.1536,0.3577,100,4.56
372,136145,0.1542,0.135045,0.380489,364.66,1.2035,0.325,91,4.74
373,136510,0.1534,0.136676,0.449741,431.43,1.4238,0.3113,49,3.99
374,136875,0.1526,0.137057,0.443324,402.48,1.3283,0.3242,80,3.96
375,137240,0.1519,0.137832,0.365849,364.45,1.2028,0.3369,95,4.44
376,137605,0.1511,0.139097,0.361676,352.29,1.1627,0.3354,134,3.84
377,137970,0.1504,0.138702,0.42231,383.2,1.2647,0.3542,97,4.61
378,138335,0.1496,0.138744,0.41639,381.58,1.2593,0.3268,76,4.39
379,138700,0.1489,0.138472,0.419589,460.54,1.5199,0.2982,70,4.15
380,139065,0.1481,0.137729,0.373406,367.7,1.2135,0.3363,74,3.92
381,139430,0.1474,0.138229,0.350666,313.82,1.0357,0.3593,63,4.11
382,139795,0.1466,0.138997,0.358852,344.49,1.1369,0.3346,96,4.05
383,140160,0.1459,0.139268,0.369737,367.05,1.2114,0.3285,104,4.58
384,140525,0.1452,0.139085,0.373098,359.96,1.188,0.3341,60,4.22
385,140890,0.1444,0.138103,0.387589,408.33,1.3476,0.3289,64,4.26
386,141255,0.1437,0.138505,0.37069,362.36,1.1959,0.3282,48,4.25
387,141620,0.143,0.137965,0.361567,321.6,1.0614,0.3479,89,4.27
388,141985,0.1423,0.137012,0.304659,273.25,0.9018,0.3531,130,4.52
389,142350,0.1416,0.140016,0.388738,388.31,1.2815,0.333,94,3.96
390,142715,0.1409,0.139566,0.372882,368.35,1.2157,0.3356,69,4.11
391,143080,0.1402,0.140594,0.412678,410.08,1.3534,0.3251,136,4.06
392,143445,0.1395,0.142684,0.331979,274.93,0.9074,0.3561,119,4.4
393,143810,0.1388,0.140087,0.373776,313.71,1.0353,0.3409,56,4.27
394,144175,0.1381,0.139738,0.339472,319.3,1.0538,0.3531,83,4.26
395,144540,0.1374,0.141601,0.325815,334.82,1.105,0.3426,123,4.23
396,144905,0.1367,0.140273,0.307949,265.16,0.8751,0.3631,65,4.29
397,145270,0.136,0.141015,0.28614,269.44,0.8892,0.3361,166,4.25
398,145635,0.1353,0.140616,0.389214,360.35,1.1893,0.3324,62,4.37
399,146000,0.1347,0.139494,0.358302,310.85,1.0259,0.3564,87,4.43
400,146365,0.134,0.140033,0.395652,385.19,1.2713,0.3559,66,4.35
401,146730,0.1333,0.140165,0.293848,290.19,0.9577,0.3631,148,3.93
402,147095,0.1326,0.141226,0.343179,377.99,1.2475,0.3393,101,3.26
403,147460,0.132,0.138812,0.269923,266.32,0.8789,0.3509,91,4.26
404,147825,0.1313,0.138823,0.342346,356.38,1.1762,0.3361,115,4.36
405,148190,0.1307,0.138916,0.409977,348.02,1.1486,0.3512,57,4.41
406,148555,0.13,0.138312,0.286262,287.75,0.9497,0.3928,125,4.58
407,148920,0.1294,0.138872,0.368738,364.37,1.2025,0.343,118,4.63
408,149285,0.1287,0.138422,0.303025,242.27,0.7996,0.3681,113,3.99
409,149650,0.1281,0.138337,0.291248,282.21,0.9314,0.3447,91,4.11
410,150015,0.1274,0.140605,0.431644,393.17,1.2976,0.3275,64,4.35
411,150380,0.1268,0.140305,0.379282,381.01,1.2575,0.3132,92,4.24
412,150745,0.1262,0.140519,0.31503,360.88,1.191,0.33,97,4.7
413,151110,0.1255,0.140983,0.298954,374.47,1.2359,0.3218,112,4.37
414,151475,0.1249,0.140193,0.386621,374.5,1.236,0.3559,100,4.51
415,151840,0.1243,0.138842,0.285956,251.15,0.8289,0.3649,160,4.59
416,152205,0.1237,0.139693,0.293314,273.81,0.9037,0.348,171,4.24
417,152570,0.123,0.140288,0.300166,266.88,0.8808,0.3439,141,4.34
418,152935,0.1224,0.138795,0.30148,262.68,0.8669,0.3677,116,3.82
419,153300,0.1218,0.139366,0.366678,331.22,1.0931,0.3359,87,3.8
420,153665,0.1212,0.140266,0.273398,240.7,0.7944,0.3735,123,4.18
421,154030,0.1206,0.140016,0.279187,248.27,0.8194,0.3565,162,4.24
422,154395,0.12,0.14064,0.257222,230.87,0.7619,0.3474,171,3.83
423,154760,0.1194,0.141954,0.268503,224.17,0.7398,0.3551,199,3.84
424,155125,0.1188,0.140615,0.272775,290.39,0.9584,0.347,115,4.49
425,155490,0.1182,0.140986,0.249063,251.46,0.8299,0.3668,169,4.83
426,155855,0.1176,0.142304,0.339738,296.68,0.9791,0.3497,127,4.58
427,156220,0.117,0.142372,0.337863,377.77,1.2468,0.327,141,4.52
428,156585,0.1164,0.141373,0.285492,254.64,0.8404,0.3714,83,4.24
429,156950,0.1159,0.142264,0.406717,339.42,1.1202,0.3442,109,4.35
430,157315,0.1153,0.141614,0.308985,302.8,0.9993,0.3335,121,4.42
431,157680,0.1147,0.142051,0.359478,385.21,1.2713,0.3287,88,4.49
432,158045,0.1141,0.140781,0.330457,285.52,0.9423,0.3626,103,4.58
433,158410,0.1136,0.140066,0.336229,298.31,0.9845,0.3741,114,4.36
434,158775,0.113,0.139474,0.338968,353.1,1.1653,0.3486,94,3.85
435,159140,0.1124,0.137537,0.293393,288.95,0.9536,0.3435,91,3.19
436,159505,0.1119,0.138715,0.366051,313.61,1.035,0.3674,76,3.55
437,159870,0.1113,0.138529,0.312646,282.53,0.9324,0.3627,96,4.23
438,160235,0.1107,0.137573,0.313036,278.6,0.9195,0.3609,185,4.24
439,160600,0.1102,0.13817,0.303387,283.67,0.9362,0.3576,145,3.37
440,160965,0.1096,0.139621,0.27505,342.9,1.1317,0.3219,158,3.57
441,161330,0.1091,0.138057,0.370808,337.07,1.1124,0.3506,108,4.27
442,161695,0.1085,0.138171,0.384312,356.37,1.1761,0.3368,143,4.28
443,162060,0.108,0.138856,0.388054,353.52,1.1667,0.3432,136,4.0
444,162425,0.1075,0.137968,0.372878,352.78,1.1643,0.3437,139,4.46
445,162790,0.1069,0.13958,0.382,352.24,1.1625,0.3394,151,4.5
446,163155,0.1064,0.139101,0.397757,349.06,1.152,0.3541,119,4.47
447,163520,0.1059,0.138755,0.450127,378.33,1.2486,0.3588,116,4.47
448,163885,0.1053,0.138862,0.401263,355.53,1.1734,0.3571,117,4.43
449,164250,0.1048,0.140257,0.413254,384.02,1.2674,0.3339,142,4.43
450,164615,0.1043,0.142039,0.34447,267.24,0.882,0.3722,129,3.12
451,164980,0.1038,0.142254,0.343266,277.36,0.9154,0.3701,96,3.35
452,165345,0.1032,0.142932,0.4251,415.54,1.3714,0.3122,82,3.18
453,165710,0.1027,0.142551,0.329511,272.6,0.8997,0.3682,104,3.09
454,166075,0.1022,0.141876,0.351198,302.11,0.9971,0.3589,128,3.39
455,166440,0.1017,0.142009,0.331552,307.98,1.0164,0.3572,139,3.95
456,166805,0.1012,0.14185,0.282663,287.66,0.9494,0.3464,145,3.24
457,167170,0.1007,0.141829,0.328398,291.55,0.9622,0.3568,104,4.12
458,167535,0.1002,0.141276,0.316298,266.96,0.8811,0.3778,101,3.49
459,167900,0.0997,0.142261,0.278332,248.01,0.8185,0.3672,181,3.36
460,168265,0.0992,0.141273,0.305676,295.9,0.9766,0.366,88,3.29
461,168630,0.0987,0.142122,0.293265,304.9,1.0063,0.3473,124,3.14
462,168995,0.0982,0.142009,0.394708,347.06,1.1454,0.3464,106,3.79
463,169360,0.0977,0.144075,0.344091,274.36,0.9055,0.3579,104,4.63
464,169725,0.0972,0.142802,0.322219,321.7,1.0617,0.3621,152,4.27
465,170090,0.0967,0.143119,0.389211,386.67,1.2761,0.3299,79,3.77
466,170455,0.0962,0.142877,0.361274,328.49,1.0841,0.3564,138,4.14
467,170820,0.0958,0.144223,0.406778,372.11,1.2281,0.3427,82,4.3
468,171185,0.0953,0.144773,0.450521,395.12,1.304,0.3468,124,3.83
469,171550,0.0948,0.145093,0.385706,344.19,1.1359,0.3624,97,4.42
470,171915,0.0943,0.142412,0.394663,387.48,1.2788,0.3335,79,4.37
471,172280,0.0939,0.141364,0.368894,370.04,1.2213,0.3476,79,4.25
472,172645,0.0934,0.141729,0.377038,322.35,1.0639,0.3456,138,4.5
473,173010,0.0929,0.142191,0.363764,350.92,1.1582,0.3393,125,4.44
474,173375,0.0925,0.143376,0.319072,268.52,0.8862,0.361,160,4.58
475,173740,0.092,0.142561,0.34872,330.42,1.0905,0.3564,129,4.38
476,174105,0.0915,0.142089,0.375922,348.99,1.1518,0.3884,159,3.65
477,174470,0.0911,0.142836,0.418594,420.71,1.3885,0.367,143,3.79
478,174835,0.0906,0.143614,0.443123,393.54,1.2988,0.3654,111,4.51
479,175200,0.0902,0.142583,0.451174,409.91,1.3528,0.3485,145,4.1
480,175565,0.0897,0.144039,0.403431,390.33,1.2882,0.3215,100,4.02
481,175930,0.0893,0.145962,0.388625,351.74,1.1608,0.3487,113,4.22
482,176295,0.0888,0.145423,0.387341,351.41,1.1598,0.3596,82,4.27
483,176660,0.0884,0.14597,0.438387,391.19,1.2911,0.3353,90,3.93
484,177025,0.0879,0.144855,0.374957,344.02,1.1354,0.3667,125,3.47
485,177390,0.0875,0.145915,0.449207,406.25,1.3407,0.3731,120,2.95
486,177755,0.0871,0.145619,0.38945,364.31,1.2023,0.3506,105,3.23
487,178120,0.0866,0.145229,0.32452,328.04,1.0827,0.3701,104,4.41
488,178485,0.0862,0.145375,0.358277,336.97,1.1121,0.3753,106,4.31
489,178850,0.0858,0.144208,0.312024,298.87,0.9864,0.3822,98,4.55
490,179215,0.0853,0.14253,0.316508,291.91,0.9634,0.3537,151,4.1
491,179580,0.0849,0.144636,0.406257,367.54,1.213,0.3475,49,3.88
492,179945,0.0845,0.146682,0.374459,356.96,1.1781,0.3498,62,4.18
493,180310,0.0841,0.147371,0.36422,347.91,1.1482,0.3436,103,4.3
494,180675,0.0836,0.148132,0.410942,403.73,1.3324,0.3388,97,4.03
495,181040,0.0832,0.147834,0.381988,380.25,1.2549,0.3369,139,4.38
496,181405,0.0828,0.14794,0.344416,371.5,1.2261,0.3356,126,4.03
497,181770,0.0824,0.14598,0.376892,349.26,1.1527,0.3627,106,3.95
498,182135,0.082,0.145068,0.278779,254.95,0.8414,0.3617,139,3.67
499,182500,0.0816,0.143871,0.337681,292.41,0.9651,0.361,121,3.8
500,182865,0.0812,0.14425,0.309175,278.65,0.9196,0.3464,174,3.54
501,183230,0.0808,0.143743,0.393307,373.65,1.2332,0.3626,125,4.15
502,183595,0.0804,0.143851,0.404389,359.99,1.1881,0.3448,77,4.14
503,183960,0.08,0.144162,0.432257,360.64,1.1902,0.329,138,4.39
504,184325,0.0796,0.143993,0.262856,264.02,0.8713,0.3732,128,4.37
505,184690,0.0792,0.144125,0.37401,354.49,1.1699,0.3428,127,4.62
506,185055,0.0788,0.144453,0.396983,368.78,1.2171,0.3398,110,4.45
507,185420,0.0784,0.144857,0.31372,284.87,0.9402,0.3615,144,4.26
508,185785,0.078,0.146376,0.377673,352.34,1.1629,0.3514,142,3.75
509,186150,0.0776,0.146727,0.396061,363.45,1.1995,0.327,120,3.5
510,186515,0.0772,0.14683,0.384813,362.18,1.1953,0.3286,136,3.33
511,186880,0.0768,0.148443,0.368531,331.18,1.093,0.3521,146,4.42
512,187245,0.0764,0.148213,0.364792,330.41,1.0905,0.3251,123,4.49
513,187610,0.076,0.149403,0.370164,335.11,1.106,0.326,126,4.2
514,187975,0.0757,0.149695,0.371579,371.42,1.2258,0.3238,146,3.58
515,188340,0.0753,0.150137,0.308011,272.11,0.8981,0.3329,206,4.31
516,188705,0.0749,0.150165,0.319564,305.76,1.0091,0.3528,156,4.88
517,189070,0.0745,0.149313,0.294492,260.16,0.8586,0.3568,123,4.51
518,189435,0.0742,0.147608,0.345814,313.61,1.035,0.3435,143,4.29
519,189800,0.0738,0.148003,0.39211,358.02,1.1816,0.3524,118,4.26
520,190165,0.0734,0.148093,0.367481,321.65,1.0616,0.3612,150,3.63
521,190530,0.0731,0.148895,0.281171,247.46,0.8167,0.3663,154,4.2
522,190895,0.0727,0.147278,0.322462,267.25,0.882,0.3617,126,4.64
523,191260,0.0723,0.148432,0.305665,278.33,0.9186,0.3593,139,4.64
524,191625,0.072,0.148529,0.443381,400.94,1.3232,0.3191,218,4.7
525,191990,0.0716,0.147414,0.352829,362.75,1.1972,0.3437,138,4.34
526,192355,0.0712,0.148273,0.407351,389.96,1.287,0.3324,146,4.35
527,192720,0.0709,0.149777,0.348677,311.53,1.0281,0.3557,141,4.08
528,193085,0.0705,0.150308,0.333674,344.34,1.1364,0.3394,43,4.7
529,193450,0.0702,0.149624,0.37059,332.85,1.0985,0.354,116,4.36
530,193815,0.0698,0.152689,0.388134,350.22,1.1558,0.3506,103,3.79
531,194180,0.0695,0.151853,0.347304,340.6,1.1241,0.3557,107,3.94
532,194545,0.0691,0.151098,0.400237,323.56,1.0679,0.3665,93,4.03
533,194910,0.0688,0.15181,0.333357,345.28,1.1395,0.3309,153,4.06
534,195275,0.0684,0.151877,0.413725,376.38,1.2422,0.3244,120,4.06
535,195640,0.0681,0.152539,0.365835,355.08,1.1719,0.3425,100,4.08
536,196005,0.0678,0.152813,0.397913,361.04,1.1916,0.3365,85,3.91
537,196370,0.0674,0.154395,0.32991,268.06,0.8847,0.3646,129,4.15
538,196735,0.0671,0.153231,0.355255,364.79,1.2039,0.3436,112,3.96
539,197100,0.0668,0.154357,0.380445,324.66,1.0715,0.348,117,4.49
540,197465,0.0664,0.155293,0.356078,317.54,1.048,0.3532,123,3.93
541,197830,0.0661,0.153151,0.31595,310.39,1.0244,0.3466,157,4.15
542,198195,0.0658,0.155582,0.343316,319.12,1.0532,0.3359,153,3.18
543,198560,0.0654,0.154891,0.394522,363.17,1.1986,0.3337,150,3.3
544,198925,0.0651,0.152311,0.394652,368.77,1.2171,0.3403,101,3.38
545,199290,0.0648,0.151844,0.332186,304.0,1.0033,0.3493,159,3.74
546,199655,0.0645,0.15245,0.36303,369.36,1.219,0.3312,128,2.92
547,200020,0.0641,0.152095,0.446687,437.77,1.4448,0.3151,88,2.97
548,200385,0.0638,0.153646,0.336838,273.83,0.9037,0.367,98,4.14
549,200750,0.0635,0.154981,0.324463,308.07,1.0167,0.3491,55,3.29
550,201115,0.0632,0.153333,0.309164,274.74,0.9067,0.3694,68,3.35
551,201480,0.0629,0.152264,0.351695,402.36,1.3279,0.3292,186,2.98
552,201845,0.0625,0.153617,0.399191,372.53,1.2295,0.3343,114,3.31
553,202210,0.0622,0.153698,0.351387,355.53,1.1734,0.3368,150,3.49
554,202575,0.0619,0.153941,0.34111,335.67,1.1078,0.3476,99,3.37
555,202940,0.0616,0.154451,0.430912,382.83,1.2635,0.3625,162,3.05
556,203305,0.0613,0.153388,0.366614,317.96,1.0494,0.3654,140,3.76
557,203670,0.061,0.15186,0.264241,282.49,0.9323,0.3394,137,3.07
558,204035,0.0607,0.151601,0.327597,311.58,1.0283,0.3455,117,3.12
559,204400,0.0604,0.150046,0.325811,304.12,1.0037,0.3637,66,3.05
560,204765,0.0601,0.151307,0.307042,282.75,0.9332,0.3525,150,3.17
561,205130,0.0598,0.151171,0.337985,298.14,0.984,0.3491,103,3.24
562,205495,0.0595,0.150397,0.319931,320.23,1.0569,0.3392,130,3.53
563,205860,0.0592,0.15,0.321295,266.55,0.8797,0.3409,100,3.53
564,206225,0.0589,0.150699,0.334679,335.6,1.1076,0.3478,108,4.43
565,206590,0.0586,0.151242,0.38424,387.24,1.278,0.3346,126,4.5
566,206955,0.0583,0.152028,0.320705,290.24,0.9579,0.3457,115,3.98
567,207320,0.058,0.152919,0.455626,444.38,1.4666,0.3096,72,3.46
568,207685,0.0577,0.15177,0.370068,367.64,1.2133,0.3239,164,3.48
569,208050,0.0574,0.154042,0.423053,382.73,1.2631,0.3409,155,3.48
570,208415,0.0571,0.155423,0.38231,363.46,1.1995,0.3731,64,3.45
571,208780,0.0569,0.156041,0.303244,331.75,1.0949,0.3394,145,3.45
572,209145,0.0566,0.159055,0.411565,380.37,1.2553,0.3391,127,3.5
573,209510,0.0563,0.156211,0.401773,387.72,1.2796,0.3508,133,3.48
574,209875,0.056,0.158544,0.339978,333.7,1.1013,0.3647,88,3.05
575,210240,0.0557,0.15773,0.428486,369.43,1.2192,0.3308,126,3.05
576,210605,0.0555,0.158475,0.3484,324.81,1.072,0.3411,122,2.94
577,210970,0.0552,0.157615,0.38173,319.05,1.053,0.3558,152,2.85
578,211335,0.0549,0.156099,0.394154,362.63,1.1968,0.3338,142,2.91
579,211700,0.0546,0.155953,0.397334,387.18,1.2778,0.3343,127,2.89
580,212065,0.0544,0.156375,0.366317,360.76,1.1906,0.357,159,4.14
581,212430,0.0541,0.158644,0.359378,313.05,1.0332,0.3479,155,4.51
582,212795,0.0538,0.158867,0.336022,283.28,0.9349,0.3627,152,4.41
583,213160,0.0535,0.159508,0.341442,298.55,0.9853,0.3618,163,4.52
584,213525,0.0533,0.158804,0.338756,350.35,1.1563,0.3287,141,4.53
585,213890,0.053,0.157629,0.397438,382.77,1.2633,0.358,113,4.38
586,214255,0.0527,0.155651,0.387697,357.41,1.1796,0.3494,127,4.42
587,214620,0.0525,0.154777,0.385173,333.39,1.1003,0.3327,132,4.53
588,214985,0.0522,0.155952,0.35909,322.0,1.0627,0.357,95,4.48
589,215350,0.052,0.155924,0.362104,390.54,1.2889,0.3455,126,3.68
590,215715,0.0517,0.156023,0.364489,302.01,0.9967,0.3562,161,3.57
591,216080,0.0514,0.155557,0.356814,348.65,1.1507,0.3326,102,3.85
592,216445,0.0512,0.154999,0.381546,349.46,1.1533,0.3663,121,4.49
593,216810,0.0509,0.153195,0.430973,359.33,1.1859,0.3503,113,3.24
594,217175,0.0507,0.154304,0.351064,307.57,1.0151,0.3865,132,4.31
595,217540,0.0504,0.154249,0.302434,308.31,1.0175,0.3579,140,4.42
596,217905,0.0502,0.155189,0.348766,304.49,1.0049,0.3483,137,4.57
597,218270,0.05,0.154906,0.433848,373.43,1.2324,0.356,128,4.45
598,218635,0.05,0.153545,0.371272,288.65,0.9526,0.3628,125,4.5
599,219000,0.05,0.153457,0.385484,348.88,1.1514,0.3417,80,3.86
600,219365,0.05,0.154359,0.380218,344.21,1.136,0.344,137,2.83
601,219730,0.05,0.154989,0.376144,313.8,1.0357,0.3638,139,2.85
602,220095,0.05,0.155439,0.329088,271.8,0.897,0.3816,149,3.15
603,220460,0.05,0.15392,0.400303,407.88,1.3461,0.3132,130,2.96
604,220825,0.05,0.154175,0.341911,296.41,0.9782,0.35,153,3.12
605,221190,0.05,0.154632,0.369792,348.92,1.1516,0.3367,185,3.25
606,221555,0.05,0.155177,0.410135,387.43,1.2786,0.3289,79,2.95
607,221920,0.05,0.156479,0.380665,381.5,1.2591,0.3461,105,2.92
608,222285,0.05,0.155927,0.3703,319.06,1.053,0.3547,122,2.82
609,222650,0.05,0.155352,0.381624,342.5,1.1304,0.3396,165,2.79
610,223015,0.05,0.155243,0.382223,364.21,1.202,0.3469,123,2.81
611,223380,0.05,0.155325,0.353715,290.31,0.9581,0.3418,175,3.37
612,223745,0.05,0.155569,0.368828,369.63,1.2199,0.336,101,4.37
613,224110,0.05,0.155428,0.325149,314.53,1.0381,0.3455,132,4.37
614,224475,0.05,0.155893,0.368468,319.1,1.0531,0.3541,86,4.37
615,224840,0.05,0.155263,0.439523,415.27,1.3705,0.3285,84,3.78
616,225205,0.05,0.15565,0.298528,279.46,0.9223,0.3689,93,3.66
617,225570,0.05,0.156059,0.353529,325.42,1.074,0.366,106,3.09
618,225935,0.05,0.155869,0.286744,227.31,0.7502,0.3736,122,2.88
619,226300,0.05,0.155344,0.27185,243.85,0.8048,0.3698,177,2.98
620,226665,0.05,0.155648,0.339328,278.9,0.9205,0.3632,123,2.83
621,227030,0.05,0.15607,0.342604,313.33,1.0341,0.3416,156,3.0
622,227395,0.05,0.15396,0.302839,266.84,0.8806,0.363,130,3.07
623,227760,0.05,0.153025,0.327863,297.32,0.9813,0.3742,184,2.97
624,228125,0.05,0.152724,0.325865,272.48,0.8993,0.3625,147,3.22
625,228490,0.05,0.15219,0.410023,373.67,1.2332,0.3492,94,3.26
626,228855,0.05,0.150934,0.289138,259.99,0.8581,0.3451,128,3.08
627,229220,0.05,0.152772,0.388434,338.26,1.1164,0.3524,49,3.22
628,229585,0.05,0.150792,0.380154,349.27,1.1527,0.3521,73,3.04
629,229950,0.05,0.153703,0.401292,359.43,1.1862,0.3516,73,3.89
630,230315,0.05,0.152964,0.403751,341.93,1.1285,0.3389,108,3.22
631,230680,0.05,0.155324,0.352893,377.5,1.2459,0.3389,90,3.08
632,231045,0.05,0.157263,0.291181,253.36,0.8362,0.3597,117,3.02
633,231410,0.05,0.156206,0.267906,249.03,0.8219,0.3682,101,3.06
634,231775,0.05,0.154046,0.341621,346.94,1.145,0.3219,100,2.88
635,232140,0.05,0.155887,0.320085,271.51,0.8961,0.3618,154,2.84
636,232505,0.05,0.154788,0.36201,315.51,1.0413,0.3577,140,3.52
637,232870,0.05,0.156208,0.328475,289.46,0.9553,0.3699,72,3.69
638,233235,0.05,0.155169,0.304693,291.09,0.9607,0.3468,119,4.12
639,233600,0.05,0.153158,0.379421,356.67,1.1771,0.3695,77,3.4
640,233965,0.05,0.154693,0.315202,298.99,0.9868,0.3493,78,2.95
641,234330,0.05,0.153616,0.324745,283.84,0.9368,0.3736,92,2.8
642,234695,0.05,0.153375,0.324324,277.35,0.9153,0.3611,147,2.89
643,235060,0.05,0.152827,0.320132,400.26,1.321,0.3234,65,2.87
644,235425,0.05,0.15255,0.379315,355.87,1.1745,0.3618,85,2.84
645,235790,0.05,0.153275,0.375271,374.62,1.2364,0.344,89,2.97
646,236155,0.05,0.153829,0.323714,289.91,0.9568,0.3442,95,2.93
647,236520,0.05,0.15296,0.410533,334.94,1.1054,0.3446,125,3.24
648,236885,0.05,0.153446,0.369368,303.67,1.0022,0.3585,132,3.72
649,237250,0.05,0.154263,0.38173,373.53,1.2328,0.3394,83,4.43
650,237615,0.05,0.15386,0.393886,363.35,1.1992,0.3733,85,4.41
651,237980,0.05,0.154595,0.337653,310.29,1.0241,0.3316,118,4.31
652,238345,0.05,0.153529,0.360573,329.65,1.0879,0.3555,78,4.38
653,238710,0.05,0.152509,0.348273,311.96,1.0296,0.3586,118,4.33
654,239075,0.05,0.152894,0.306556,263.63,0.8701,0.3744,104,4.36
655,239440,0.05,0.152432,0.360231,315.56,1.0415,0.3503,92,4.28
656,239805,0.05,0.152724,0.405218,376.63,1.243,0.346,99,4.37
657,240170,0.05,0.152993,0.383058,344.15,1.1358,0.3498,96,4.28
658,240535,0.05,0.150863,0.374475,321.6,1.0614,0.3486,82,3.25
659,240900,0.05,0.150035,0.390718,404.76,1.3358,0.3597,90,3.48
660,241265,0.05,0.151603,0.369111,356.64,1.177,0.3567,81,2.91
661,241630,0.05,0.151133,0.271533,252.8,0.8343,0.3722,157,2.94
662,241995,0.05,0.150369,0.331085,300.88,0.993,0.3637,73,3.34
663,242360,0.05,0.152655,0.345482,321.28,1.0603,0.35,110,3.67
664,242725,0.05,0.151122,0.374306,338.7,1.1178,0.3547,58,4.52
665,243090,0.05,0.150472,0.333484,324.26,1.0702,0.3714,109,4.03
666,243455,0.05,0.151637,0.424866,433.8,1.4317,0.3719,145,2.96
667,243820,0.05,0.153015,0.350698,322.89,1.0657,0.3542,94,2.85
668,244185,0.05,0.152971,0.364683,313.01,1.033,0.371,62,3.07
669,244550,0.05,0.150629,0.364875,306.85,1.0127,0.3705,63,2.88
670,244915,0.05,0.150441,0.321206,308.37,1.0177,0.3573,66,3.19
671,245280,0.05,0.151042,0.356432,325.95,1.0757,0.3666,87,4.03
672,245645,0.05,0.151198,0.255038,255.6,0.8436,0.3711,150,4.02
673,246010,0.05,0.150811,0.331897,330.96,1.0923,0.3493,65,3.77
674,246375,0.05,0.150298,0.379769,314.96,1.0395,0.3643,72,3.1
675,246740,0.05,0.15206,0.393201,385.87,1.2735,0.3455,90,3.11
676,247105,0.05,0.150168,0.343932,313.07,1.0332,0.3571,139,2.89
677,247470,0.05,0.150871,0.388773,329.4,1.0871,0.3669,85,3.04
678,247835,0.05,0.150971,0.350632,277.45,0.9157,0.3587,174,3.44
679,248200,0.05,0.151254,0.445732,352.73,1.1641,0.343,156,3.18
680,248565,0.05,0.152022,0.356687,321.84,1.0622,0.3627,140,2.82
681,248930,0.05,0.151448,0.365832,375.04,1.2377,0.3382,61,3.44
682,249295,0.05,0.152087,0.375803,292.2,0.9644,0.3645,94,3.91
683,249660,0.05,0.150859,0.381643,308.76,1.019,0.3419,116,4.45
684,250025,0.05,0.151438,0.350025,321.94,1.0625,0.3454,142,4.38
685,250390,0.05,0.152522,0.390359,343.57,1.1339,0.3478,110,4.45
686,250755,0.05,0.149816,0.420987,360.94,1.1912,0.348,105,4.46
687,251120,0.05,0.148985,0.369041,335.23,1.1064,0.3477,81,4.33
688,251485,0.05,0.149422,0.352937,309.29,1.0208,0.3685,117,3.27
689,251850,0.05,0.149342,0.354156,294.03,0.9704,0.3713,136,3.19
690,252215,0.05,0.148377,0.328823,302.74,0.9992,0.3657,114,2.92
691,252580,0.05,0.150065,0.405407,322.73,1.0651,0.3546,91,2.89
692,252945,0.05,0.15058,0.385128,344.8,1.138,0.3457,132,4.29
693,253310,0.05,0.150335,0.454903,411.4,1.3578,0.3549,103,4.33
694,253675,0.05,0.150317,0.393953,363.78,1.2006,0.367,101,4.3
695,254040,0.05,0.149822,0.435551,376.7,1.2432,0.3408,133,4.29
696,254405,0.05,0.149527,0.410201,377.18,1.2448,0.3418,82,4.42
697,254770,0.05,0.149618,0.391348,357.26,1.1791,0.334,86,4.43
698,255135,0.05,0.150651,0.450331,376.68,1.2432,0.3539,123,3.86
699,255500,0.05,0.151838,0.408207,382.76,1.2632,0.3387,122,3.18
700,255865,0.05,0.150895,0.31896,273.76,0.9035,0.3636,126,2.92
701,256230,0.05,0.150948,0.444852,385.36,1.2718,0.3348,113,2.87
702,256595,0.05,0.150852,0.402489,370.89,1.224,0.3382,129,3.16
703,256960,0.05,0.150645,0.406723,385.22,1.2713,0.3371,99,3.08
704,257325,0.05,0.149303,0.349522,328.67,1.0847,0.3591,115,3.08
705,257690,0.05,0.14974,0.331437,283.2,0.9347,0.3522,180,3.0
706,258055,0.05,0.149278,0.323967,278.18,0.9181,0.3605,112,2.88
707,258420,0.05,0.150111,0.411752,332.33,1.0968,0.3585,52,2.97
708,258785,0.05,0.148605,0.359786,337.1,1.1125,0.3428,148,3.29
709,259150,0.05,0.149827,0.290836,280.72,0.9265,0.3699,105,3.14
710,259515,0.05,0.149237,0.322814,304.71,1.0057,0.3565,140,3.7
711,259880,0.05,0.150019,0.41001,353.75,1.1675,0.3453,67,4.34
712,260245,0.05,0.152813,0.429075,377.15,1.2447,0.3332,114,3.76
713,260610,0.05,0.152363,0.357275,346.14,1.1424,0.352,167,3.14
714,260975,0.05,0.152622,0.333048,380.59,1.2561,0.3274,137,4.21
715,261340,0.05,0.151142,0.332441,310.61,1.0251,0.3507,131,4.51
716,261705,0.05,0.150212,0.319574,328.86,1.0853,0.329,147,4.41
717,262070,0.05,0.151166,0.318434,290.68,0.9593,0.3486,99,4.04
718,262435,0.05,0.149336,0.425458,410.46,1.3546,0.3109,102,3.02
719,262800,0.05,0.151617,0.326127,284.77,0.9398,0.373,161,3.31
720,263165,0.05,0.151643,0.403023,350.15,1.1556,0.319,142,3.22
721,263530,0.05,0.152187,0.353097,307.39,1.0145,0.3546,110,3.11
722,263895,0.05,0.152423,0.324273,289.35,0.955,0.3402,94,3.38
723,264260,0.05,0.152253,0.476404,430.81,1.4218,0.3405,67,2.88
724,264625,0.05,0.151375,0.332261,322.24,1.0635,0.3409,107,2.89
725,264990,0.05,0.151492,0.348002,345.05,1.1388,0.3269,134,3.02
726,265355,0.05,0.153284,0.403777,347.46,1.1467,0.366,74,4.43
727,265720,0.05,0.154724,0.324054,288.36,0.9517,0.3626,160,4.46
728,266085,0.05,0.155243,0.392264,375.14,1.2381,0.3494,129,4.49
729,266450,0.05,0.155746,0.394533,357.47,1.1798,0.3546,54,4.48
730,266815,0.05,0.155409,0.320566,275.88,0.9105,0.3551,143,4.52
731,267180,0.05,0.155649,0.41012,384.99,1.2706,0.3115,115,4.45
732,267545,0.05,0.156369,0.349247,304.26,1.0042,0.3729,145,4.52
733,267910,0.05,0.156025,0.296596,291.48,0.962,0.3612,121,4.51
734,268275,0.05,0.155151,0.441059,387.43,1.2786,0.3419,115,4.51
735,268640,0.05,0.154654,0.296098,264.62,0.8733,0.3377,135,4.5
736,269005,0.05,0.155055,0.353962,298.16,0.984,0.3655,137,4.49
737,269370,0.05,0.153957,0.406499,463.18,1.5287,0.2792,117,4.3
738,269735,0.05,0.155167,0.315982,266.53,0.8796,0.362,131,4.36
739,270100,0.05,0.156007,0.364966,306.56,1.0118,0.36,131,4.34
740,270465,0.05,0.155009,0.343089,296.05,0.977,0.3595,88,4.35
741,270830,0.05,0.155769,0.369978,364.88,1.2042,0.3361,112,4.4
742,271195,0.05,0.156147,0.324477,285.28,0.9415,0.3773,84,3.86
743,271560,0.05,0.156618,0.359718,382.4,1.262,0.3329,83,2.87
744,271925,0.05,0.153892,0.42222,377.28,1.2451,0.3355,117,3.06
745,272290,0.05,0.156642,0.440979,403.57,1.3319,0.3406,137,3.02
746,272655,0.05,0.156709,0.383978,333.52,1.1007,0.3531,120,2.97
747,273020,0.05,0.154471,0.402867,334.65,1.1045,0.3478,104,3.04
748,273385,0.05,0.15502,0.399409,388.34,1.2816,0.3457,92,2.94
749,273750,0.05,0.156068,0.493278,376.88,1.2438,0.3281,154,3.01
750,274115,0.05,0.155017,0.3078,286.84,0.9467,0.3558,74,2.82
751,274480,0.05,0.154653,0.317742,323.85,1.0688,0.3622,112,2.92
752,274845,0.05,0.153497,0.335575,373.78,1.2336,0.3267,114,2.85
753,275210,0.05,0.152784,0.375355,356.45,1.1764,0.3488,69,3.6
754,275575,0.05,0.152904,0.401278,387.76,1.2797,0.3553,86,3.95
755,275940,0.05,0.152866,0.356636,370.93,1.2242,0.3225,90,3.16
756,276305,0.05,0.153375,0.371079,324.28,1.0702,0.3467,119,3.43
757,276670,0.05,0.15267,0.386706,368.72,1.2169,0.3468,88,2.84
758,277035,0.05,0.152918,0.382334,328.89,1.0854,0.3541,66,3.19
759,277400,0.05,0.152052,0.279851,301.38,0.9947,0.3348,61,4.48
760,277765,0.05,0.149809,0.350873,283.65,0.9361,0.3673,124,4.51
761,278130,0.05,0.149827,0.390958,380.94,1.2572,0.3392,114,4.44
762,278495,0.05,0.152175,0.349853,327.5,1.0809,0.3368,108,4.27
763,278860,0.05,0.151635,0.330323,331.32,1.0935,0.3442,68,3.42
764,279225,0.05,0.151928,0.359368,340.91,1.1251,0.3357,82,3.48
765,279590,0.05,0.152165,0.391036,357.27,1.1791,0.3377,131,2.82
766,279955,0.05,0.150929,0.322363,365.81,1.2073,0.3416,100,2.96
767,280320,0.05,0.152524,0.374679,464.2,1.532,0.2967,125,3.63
768,280685,0.05,0.151391,0.375339,368.39,1.2158,0.322,91,3.44
769,281050,0.05,0.152494,0.41985,395.99,1.3069,0.3474,103,3.12
770,281415,0.05,0.151055,0.42746,406.39,1.3412,0.3371,47,2.88
771,281780,0.05,0.150628,0.353055,337.2,1.1129,0.342,101,2.88
772,282145,0.05,0.151936,0.391816,376.99,1.2442,0.3431,131,3.1
773,282510,0.05,0.150667,0.372493,323.18,1.0666,0.3543,136,3.38
774,282875,0.05,0.154685,0.414854,387.49,1.2788,0.332,120,2.93
775,283240,0.05,0.153517,0.339465,375.03,1.2377,0.3387,158,3.93
776,283605,0.05,0.15414,0.38615,369.67,1.22,0.3394,96,4.32
777,283970,0.05,0.153965,0.400383,442.97,1.462,0.3061,66,4.42
778,284335,0.05,0.153843,0.349602,307.05,1.0134,0.3436,106,3.01
779,284700,0.05,0.153512,0.388747,297.57,0.9821,0.3797,68,3.39
780,285065,0.05,0.154873,0.424707,386.86,1.2768,0.3142,105,3.1
781,285430,0.05,0.154671,0.395746,374.67,1.2365,0.3174,117,4.22
782,285795,0.05,0.15497,0.390894,400.92,1.3232,0.3239,91,4.4
783,286160,0.05,0.154826,0.385194,357.92,1.1813,0.3566,85,4.37
784,286525,0.05,0.154878,0.401419,334.96,1.1055,0.3501,61,4.34
785,286890,0.05,0.153786,0.427092,384.02,1.2674,0.3497,89,4.32
786,287255,0.05,0.153581,0.344963,289.21,0.9545,0.3534,111,4.11
787,287620,0.05,0.152413,0.410452,370.64,1.2232,0.3515,74,3.11
788,287985,0.05,0.152017,0.383216,360.3,1.1891,0.3333,65,3.01
789,288350,0.05,0.152733,0.386248,385.15,1.2711,0.3433,58,3.09
790,288715,0.05,0.153313,0.379903,353.63,1.1671,0.3463,118,3.5
791,289080,0.05,0.1527,0.385461,372.1,1.228,0.3545,95,4.21
792,289445,0.05,0.153298,0.37364,333.06,1.0992,0.3407,75,4.52
793,289810,0.05,0.154958,0.409586,353.77,1.1676,0.3471,144,4.49
794,290175,0.05,0.154396,0.396776,372.28,1.2287,0.3522,75,4.34
795,290540,0.05,0.153642,0.38,328.84,1.0853,0.3525,110,2.98
796,290905,0.05,0.154368,0.362512,373.43,1.2325,0.3479,81,3.69
797,291270,0.05,0.154034,0.319394,296.98,0.9801,0.3571,100,3.58
798,291635,0.05,0.153797,0.323068,316.98,1.0462,0.3593,93,4.6
799,292000,0.05,0.1519,0.369875,337.88,1.1151,0.3572,112,4.6
800,292365,0.05,0.153048,0.420492,344.13,1.1358,0.3456,94,4.47
801,292730,0.05,0.155128,0.361559,329.71,1.0881,0.3399,102,3.36
802,293095,0.05,0.155903,0.405745,399.36,1.318,0.3288,82,2.88
803,293460,0.05,0.155323,0.402222,364.42,1.2027,0.3386,110,4.07
804,293825,0.05,0.154373,0.347992,313.26,1.0339,0.3606,100,4.47
805,294190,0.05,0.154567,0.362364,320.54,1.0579,0.3542,100,4.11
806,294555,0.05,0.154028,0.318921,323.77,1.0685,0.3495,86,3.63
807,294920,0.05,0.154208,0.352609,313.74,1.0354,0.3514,117,2.94
808,295285,0.05,0.152328,0.35476,334.3,1.1033,0.3527,87,2.89
809,295650,0.05,0.152203,0.402789,372.24,1.2285,0.3485,62,3.11
810,296015,0.05,0.152596,0.438211,359.83,1.1876,0.3469,103,3.39
811,296380,0.05,0.1527,0.304331,266.32,0.8789,0.3703,136,3.93
812,296745,0.05,0.151632,0.392258,334.73,1.1047,0.3418,94,3.04
813,297110,0.05,0.15001,0.374792,365.62,1.2067,0.3391,85,2.96
814,297475,0.05,0.152075,0.312669,329.47,1.0874,0.3607,78,3.59
815,297840,0.05,0.151519,0.311695,322.62,1.0647,0.3463,106,4.3
816,298205,0.05,0.151144,0.321689,293.19,0.9676,0.3632,117,2.8
817,298570,0.05,0.151657,0.365153,326.97,1.0791,0.3506,111,3.34
818,298935,0.05,0.151655,0.340381,306.73,1.0123,0.3587,83,3.45
819,299300,0.05,0.150758,0.271384,293.26,0.9679,0.3907,122,4.37
820,299665,0.05,0.15118,0.368161,334.62,1.1043,0.3761,129,4.44
821,300030,0.05,0.14988,0.297993,265.45,0.8761,0.3383,115,4.44
822,300395,0.05,0.149976,0.369669,305.28,1.0075,0.3398,131,3.29
823,300760,0.05,0.150307,0.300308,258.41,0.8528,0.3616,135,2.95
824,301125,0.05,0.150699,0.344333,276.75,0.9134,0.3481,131,2.93
825,301490,0.05,0.150903,0.322766,311.82,1.0291,0.3549,93,2.81
826,301855,0.05,0.150665,0.319689,289.82,0.9565,0.3616,101,2.91
827,302220,0.05,0.150709,0.392463,352.38,1.163,0.3661,77,3.15
828,302585,0.05,0.151165,0.351456,306.25,1.0107,0.3697,107,3.21
829,302950,0.05,0.150963,0.319859,250.72,0.8275,0.3581,117,2.82
830,303315,0.05,0.150234,0.328917,291.95,0.9635,0.3663,112,2.83
831,303680,0.05,0.148721,0.306162,298.2,0.9842,0.3696,96,2.84
832,304045,0.05,0.149652,0.377641,315.32,1.0407,0.352,76,3.41
833,304410,0.05,0.150392,0.316238,275.31,0.9086,0.3634,130,4.37
834,304775,0.05,0.148932,0.300261,262.9,0.8677,0.3618,120,4.47
835,305140,0.05,0.149799,0.282241,246.22,0.8126,0.3579,163,4.49
836,305505,0.05,0.149298,0.301362,291.91,0.9634,0.3919,186,4.4
837,305870,0.05,0.14801,0.390791,310.93,1.0262,0.3369,115,4.38
838,306235,0.05,0.148203,0.351602,319.25,1.0536,0.3614,105,4.36
839,306600,0.05,0.147393,0.370619,333.81,1.1017,0.3473,105,4.33
840,306965,0.05,0.148659,0.306794,257.03,0.8483,0.3493,112,4.34
841,307330,0.05,0.147575,0.328295,297.03,0.9803,0.3443,88,4.35
842,307695,0.05,0.146211,0.370487,328.71,1.0849,0.3635,101,4.5
843,308060,0.05,0.146219,0.301397,301.32,0.9945,0.3346,102,4.46
844,308425,0.05,0.146113,0.336427,287.37,0.9484,0.3559,95,4.46
845,308790,0.05,0.147687,0.342215,291.38,0.9617,0.3537,90,4.3
846,309155,0.05,0.147847,0.392214,319.81,1.0555,0.3449,84,4.33
847,309520,0.05,0.14488,0.30702,264.69,0.8735,0.3602,105,3.67
848,309885,0.05,0.148531,0.380095,351.23,1.1592,0.3402,118,3.46
849,310250,0.05,0.1475,0.426878,376.34,1.242,0.3455,116,3.48
850,310615,0.05,0.149686,0.350902,280.75,0.9266,0.3633,98,3.33
851,310980,0.05,0.149524,0.335186,278.41,0.9189,0.3604,124,3.05
852,311345,0.05,0.147779,0.349164,319.67,1.055,0.3768,105,2.94
853,311710,0.05,0.147496,0.294426,279.02,0.9209,0.3633,123,2.9
854,312075,0.05,0.147639,0.348436,291.97,0.9636,0.3534,117,4.06
855,312440,0.05,0.148117,0.337578,280.33,0.9252,0.3594,109,4.24
856,312805,0.05,0.145036,0.337467,292.26,0.9646,0.3502,157,4.56
857,313170,0.05,0.147864,0.322079,358.12,1.1819,0.3406,55,4.49
858,313535,0.05,0.145849,0.3966,331.07,1.0926,0.3527,92,4.33
859,313900,0.05,0.146235,0.33375,286.55,0.9457,0.3503,130,3.9
860,314265,0.05,0.14502,0.272969,250.95,0.8282,0.375,102,2.91
861,314630,0.05,0.143763,0.329544,392.88,1.2966,0.3054,104,2.95
862,314995,0.05,0.14431,0.37288,374.47,1.2359,0.3289,101,3.31
863,315360,0.05,0.143263,0.328517,274.66,0.9065,0.3855,106,3.13
864,315725,0.05,0.144056,0.431475,366.39,1.2092,0.3335,87,3.24
865,316090,0.05,0.142657,0.302493,249.12,0.8222,0.3661,132,2.9
866,316455,0.05,0.143111,0.357971,325.35,1.0738,0.3447,139,3.04
867,316820,0.05,0.141429,0.356794,343.67,1.1342,0.3461,142,4.26
868,317185,0.05,0.143586,0.347031,288.83,0.9532,0.3713,131,4.5
869,317550,0.05,0.144969,0.356332,337.45,1.1137,0.3455,155,4.47
870,317915,0.05,0.144742,0.3081,295.07,0.9738,0.3604,98,4.49
871,318280,0.05,0.143328,0.389704,320.46,1.0576,0.3499,120,3.96
872,318645,0.05,0.143847,0.416672,350.65,1.1573,0.3541,87,3.62
873,319010,0.05,0.1434,0.346585,290.79,0.9597,0.356,141,4.43
874,319375,0.05,0.143976,0.345193,325.37,1.0738,0.3476,152,4.53
875,319740,0.05,0.143899,0.302125,289.52,0.9555,0.363,134,4.17
876,320105,0.05,0.143875,0.387907,359.81,1.1875,0.3388,95,3.16
877,320470,0.05,0.144992,0.3568,331.03,1.0925,0.3483,75,4.4
878,320835,0.05,0.144981,0.332666,301.47,0.9949,0.3432,93,4.37
879,321200,0.05,0.144668,0.304217,238.86,0.7883,0.3727,129,4.42
880,321565,0.05,0.142901,0.402391,308.94,1.0196,0.3538,108,4.4
881,321930,0.05,0.142747,0.283131,251.55,0.8302,0.3651,106,4.34
882,322295,0.05,0.140304,0.314605,256.32,0.846,0.3654,164,4.39
883,322660,0.05,0.142225,0.357449,273.67,0.9032,0.3759,117,3.37
884,323025,0.05,0.141407,0.29902,269.98,0.891,0.3681,137,3.1
885,323390,0.05,0.142549,0.365793,320.7,1.0584,0.3366,110,3.22
886,323755,0.05,0.141636,0.334134,290.03,0.9572,0.3638,95,3.16
887,324120,0.05,0.140865,0.323045,268.54,0.8863,0.38,133,3.31
888,324485,0.05,0.140312,0.352904,299.76,0.9893,0.3596,132,2.81
889,324850,0.05,0.14009,0.345401,297.9,0.9832,0.3678,126,2.92
890,325215,0.05,0.140576,0.402159,363.63,1.2001,0.3917,165,3.36
891,325580,0.05,0.142128,0.401351,356.93,1.178,0.3457,68,3.42
892,325945,0.05,0.14106,0.358195,302.21,0.9974,0.3678,45,2.85
893,326310,0.05,0.14119,0.404287,411.51,1.3581,0.3233,77,2.87
894,326675,0.05,0.142188,0.326228,320.25,1.0569,0.3516,93,3.36
895,327040,0.05,0.142637,0.367616,323.09,1.0663,0.3655,129,4.18
896,327405,0.05,0.140852,0.260319,232.81,0.7683,0.3763,131,4.41
897,327770,0.05,0.140323,0.37709,335.48,1.1072,0.3556,123,4.25
898,328135,0.05,0.142024,0.342149,340.86,1.1249,0.3444,114,4.52
899,328500,0.05,0.142603,0.38752,316.27,1.0438,0.3527,89,4.53
900,328865,0.05,0.143073,0.448991,419.63,1.3849,0.3383,106,4.5
901,329230,0.05,0.143854,0.365418,338.53,1.1173,0.3517,73,4.43
902,329595,0.05,0.144447,0.352198,324.18,1.0699,0.3579,133,4.48
903,329960,0.05,0.144515,0.335771,342.47,1.1303,0.3516,54,4.51
904,330325,0.05,0.142739,0.351114,328.46,1.084,0.358,100,4.49
905,330690,0.05,0.142696,0.3976,320.05,1.0563,0.3559,83,4.26
906,331055,0.05,0.142158,0.434821,396.47,1.3085,0.347,126,2.97
907,331420,0.05,0.143545,0.378166,356.48,1.1765,0.338,59,4.1
908,331785,0.05,0.14195,0.361667,288.68,0.9527,0.3687,75,3.03
909,332150,0.05,0.142755,0.366983,344.26,1.1362,0.3357,83,3.05
910,332515,0.05,0.142772,0.348732,315.17,1.0402,0.3637,80,2.85
911,332880,0.05,0.14007,0.316436,293.5,0.9687,0.3658,66,3.32
912,333245,0.05,0.140992,0.395905,343.62,1.134,0.3588,75,3.28
913,333610,0.05,0.141795,0.431385,440.64,1.4543,0.3297,115,4.54
914,333975,0.05,0.142491,0.401293,341.23,1.1262,0.3451,110,4.46
915,334340,0.05,0.1426,0.406931,368.28,1.2155,0.3525,95,4.57
916,334705,0.05,0.142429,0.323283,289.13,0.9542,0.3675,112,4.52
917,335070,0.05,0.141006,0.455145,396.5,1.3086,0.3469,73,4.06
918,335435,0.05,0.140628,0.350178,316.46,1.0444,0.3656,124,3.55
919,335800,0.05,0.139768,0.384434,394.07,1.3006,0.324,100,3.24
920,336165,0.05,0.141364,0.278782,262.25,0.8655,0.3564,109,3.08
921,336530,0.05,0.141392,0.380081,370.81,1.2238,0.3363,73,3.54
922,336895,0.05,0.141806,0.428253,370.31,1.2221,0.3306,67,3.17
923,337260,0.05,0.143113,0.362631,322.84,1.0655,0.3389,87,4.24
924,337625,0.05,0.143319,0.368931,316.81,1.0456,0.3543,98,4.55
925,337990,0.05,0.143173,0.404152,368.63,1.2166,0.3576,48,4.6
926,338355,0.05,0.143333,0.394188,353.96,1.1682,0.3536,80,4.51
927,338720,0.05,0.142921,0.342031,328.07,1.0827,0.3482,77,4.6
928,339085,0.05,0.142992,0.279261,284.25,0.9381,0.3427,101,4.49
929,339450,0.05,0.141425,0.355822,313.08,1.0333,0.369,78,4.35
930,339815,0.05,0.141235,0.387589,335.57,1.1075,0.3639,126,4.34
931,340180,0.05,0.141053,0.400852,362.58,1.1966,0.3445,78,4.53
932,340545,0.05,0.141868,0.412362,412.84,1.3625,0.3241,75,4.52
933,340910,0.05,0.142994,0.363482,302.31,0.9977,0.3683,96,4.19
934,341275,0.05,0.141009,0.40842,376.06,1.2411,0.3364,84,3.51
935,341640,0.05,0.14205,0.382437,331.86,1.0952,0.3599,134,4.56
936,342005,0.05,0.143382,0.385843,367.32,1.2123,0.3481,97,3.34
937,342370,0.05,0.144996,0.38186,375.15,1.2381,0.3237,105,3.13
938,342735,0.05,0.145191,0.404243,366.67,1.2101,0.3338,68,3.12
939,343100,0.05,0.146491,0.415198,389.46,1.2854,0.3447,83,2.96
940,343465,0.05,0.146218,0.33918,313.95,1.0361,0.3691,63,3.1
941,343830,0.05,0.145617,0.396323,356.32,1.176,0.3386,83,2.97
942,344195,0.05,0.145205,0.381436,314.74,1.0388,0.3648,150,3.13
943,344560,0.05,0.146065,0.352566,342.12,1.1291,0.3511,121,4.15
944,344925,0.05,0.147007,0.406146,395.51,1.3053,0.3216,95,4.36
945,345290,0.05,0.147848,0.446724,412.84,1.3625,0.3438,93,4.36
946,345655,0.05,0.147473,0.376706,365.95,1.2077,0.3629,67,4.35
947,346020,0.05,0.149506,0.487394,448.92,1.4816,0.3335,131,4.35
948,346385,0.05,0.148141,0.432463,374.66,1.2365,0.3365,74,4.36
949,346750,0.05,0.147742,0.379105,377.45,1.2457,0.3168,118,4.38
950,347115,0.05,0.148558,0.336465,351.12,1.1588,0.3392,86,4.49
951,347480,0.05,0.148642,0.386742,331.84,1.0952,0.3509,73,4.5
952,347845,0.05,0.147661,0.301963,351.87,1.1613,0.3256,101,4.51
953,348210,0.05,0.148625,0.381089,346.49,1.1435,0.357,139,4.5
954,348575,0.05,0.146859,0.307379,318.2,1.0502,0.3558,69,4.46
955,348940,0.05,0.147583,0.377952,413.64,1.3651,0.3293,134,4.13
956,349305,0.05,0.146946,0.403908,334.72,1.1047,0.3516,50,2.99
957,349670,0.05,0.147983,0.355425,285.42,0.942,0.3631,102,2.91
958,350035,0.05,0.147905,0.330186,299.54,0.9886,0.3715,77,2.91
959,350400,0.05,0.14518,0.411044,399.73,1.3192,0.3294,94,2.92
960,350765,0.05,0.14518,0.391071,381.54,1.2592,0.3368,66,3.05
961,351130,0.05,0.145704,0.340159,297.93,0.9833,0.3669,68,2.95
962,351495,0.05,0.146215,0.401754,358.11,1.1819,0.3439,68,3.13
963,351860,0.05,0.145487,0.411744,356.69,1.1772,0.3517,102,3.83
964,352225,0.05,0.144966,0.35638,342.6,1.1307,0.339,120,3.34
965,352590,0.05,0.145024,0.401482,339.5,1.1205,0.3596,92,3.37
966,352955,0.05,0.148037,0.326074,315.47,1.0412,0.3459,131,3.53
967,353320,0.05,0.146785,0.360713,409.9,1.3528,0.33,86,3.94
968,353685,0.05,0.147012,0.392645,339.37,1.12,0.3415,98,3.89
969,354050,0.05,0.147629,0.32228,338.62,1.1176,0.352,104,4.46
970,354415,0.05,0.147224,0.320925,302.35,0.9979,0.3464,100,3.46
971,354780,0.05,0.147713,0.4107,370.72,1.2235,0.3367,119,3.83
972,355145,0.05,0.145404,0.428035,354.97,1.1715,0.3578,96,3.51
973,355510,0.05,0.145852,0.355001,340.09,1.1224,0.3478,74,2.98
974,355875,0.05,0.146417,0.393893,323.28,1.0669,0.365,69,2.96
975,356240,0.05,0.147089,0.398677,389.48,1.2854,0.3228,42,3.43
976,356605,0.05,0.14551,0.431727,404.89,1.3363,0.3138,54,3.94
977,356970,0.05,0.147585,0.350445,324.56,1.0712,0.3375,131,4.51
978,357335,0.05,0.145543,0.36618,291.32,0.9615,0.3567,88,3.63
979,357700,0.05,0.144896,0.335928,289.51,0.9555,0.3737,43,3.74
980,358065,0.05,0.14524,0.258743,236.24,0.7797,0.376,152,3.59
981,358430,0.05,0.145212,0.392318,344.52,1.137,0.3445,85,4.34
982,358795,0.05,0.146433,0.325457,293.35,0.9681,0.3615,115,4.45
983,359160,0.05,0.146518,0.3722,321.62,1.0614,0.3453,104,4.57
984,359525,0.05,0.14536,0.344217,316.17,1.0435,0.3485,81,4.32
985,359890,0.05,0.145965,0.339789,300.29,0.9911,0.3547,62,4.14
986,360255,0.05,0.144653,0.426666,333.97,1.1022,0.3444,75,4.64
987,360620,0.05,0.148339,0.369282,362.74,1.1971,0.3411,73,3.99
988,360985,0.05,0.148214,0.385703,363.1,1.1983,0.3448,134,2.82
989,361350,0.05,0.146283,0.26285,258.22,0.8522,0.371,142,3.22
990,361715,0.05,0.146847,0.349238,322.78,1.0653,0.357,61,2.87
991,362080,0.05,0.147144,0.355846,335.08,1.1059,0.3389,92,3.02
992,362445,0.05,0.146171,0.345689,352.79,1.1643,0.3361,100,3.07
993,362810,0.05,0.146662,0.327054,279.29,0.9217,0.3709,65,3.32
994,363175,0.05,0.145175,0.371464,298.88,0.9864,0.3628,73,3.31
995,363540,0.05,0.14448,0.455243,382.93,1.2638,0.3377,66,3.02
996,363905,0.05,0.145826,0.358811,356.79,1.1775,0.3279,75,3.31
997,364270,0.05,0.144163,0.3704,342.36,1.1299,0.368,71,3.39
998,364635,0.05,0.144768,0.370349,368.2,1.2152,0.3413,64,3.33
999,365000,0.05,0.144744,0.41151,352.51,1.1634,0.3405,69,3.14
1000,365365,0.05,0.144625,0.398941,388.43,1.282,0.3394,158,4.37
1001,365730,0.05,0.143784,0.359434,337.17,1.1128,0.3318,90,4.47
1002,366095,0.05,0.144416,0.344808,354.43,1.1697,0.3396,87,4.43
1003,366460,0.05,0.144144,0.35194,324.17,1.0699,0.3771,79,4.39
1004,366825,0.05,0.145381,0.377207,383.04,1.2642,0.3364,141,4.46
1005,367190,0.05,0.145686,0.369159,356.04,1.175,0.3286,70,4.41
1006,367555,0.05,0.146369,0.39623,369.19,1.2185,0.3501,89,4.42
1007,367920,0.05,0.146518,0.402074,371.8,1.2271,0.3622,116,4.55
1008,368285,0.05,0.146716,0.360565,331.51,1.0941,0.3554,75,3.61
1009,368650,0.05,0.145608,0.357232,338.94,1.1186,0.3355,85,2.85
1010,369015,0.05,0.145728,0.456646,409.89,1.3528,0.3404,99,2.87
1011,369380,0.05,0.145627,0.320666,293.53,0.9688,0.3546,57,2.93
1012,369745,0.05,0.145534,0.308768,265.11,0.8749,0.369,97,3.02
1013,370110,0.05,0.145676,0.367136,334.46,1.1038,0.349,66,3.42
1014,370475,0.05,0.145867,0.311701,355.1,1.172,0.3325,152,3.31
1015,370840,0.05,0.145309,0.275914,236.38,0.7801,0.3746,155,4.31
1016,371205,0.05,0.145504,0.369499,329.15,1.0863,0.368,63,3.97
1017,371570,0.05,0.145163,0.409869,417.52,1.378,0.3199,99,4.34
1018,371935,0.05,0.146536,0.315704,285.85,0.9434,0.3502,82,4.33
1019,372300,0.05,0.147111,0.418598,370.13,1.2215,0.3389,48,4.33
1020,372665,0.05,0.143404,0.415859,364.2,1.202,0.3423,47,4.27
1021,373030,0.05,0.144445,0.282599,294.23,0.971,0.3409,98,4.29
1022,373395,0.05,0.144568,0.346747,369.54,1.2196,0.3163,71,3.08
1023,373760,0.05,0.143707,0.35389,343.94,1.1351,0.3199,94,2.83
1024,374125,0.05,0.145382,0.410731,396.08,1.3072,0.3233,50,4.09
1025,374490,0.05,0.14462,0.351571,388.59,1.2825,0.3221,76,3.24
1026,374855,0.05,0.142643,0.384312,351.87,1.1613,0.323,74,3.22
1027,375220,0.05,0.143566,0.415148,401.13,1.3239,0.318,77,3.3
1028,375585,0.05,0.143673,0.410965,485.21,1.6014,0.2618,130,3.94
1029,375950,0.05,0.143005,0.396617,332.04,1.0958,0.3431,85,4.3
1030,376315,0.05,0.142359,0.427223,365.19,1.2053,0.3301,77,4.32
1031,376680,0.05,0.143013,0.338064,288.55,0.9523,0.3627,66,4.28
1032,377045,0.05,0.142838,0.361824,339.93,1.1219,0.3384,73,3.41
1033,377410,0.05,0.142907,0.419951,384.11,1.2677,0.3452,84,3.45
1034,377775,0.05,0.14359,0.367841,360.71,1.1905,0.3503,54,3.4
1035,378140,0.05,0.143448,0.350928,305.32,1.0076,0.3682,130,2.85
1036,378505,0.05,0.143581,0.360015,352.24,1.1625,0.3657,101,2.98
1037,378870,0.05,0.14356,0.368783,320.44,1.0576,0.361,50,2.83
1038,379235,0.05,0.145494,0.351608,294.12,0.9707,0.3594,124,2.8
1039,379600,0.05,0.147397,0.360842,345.65,1.1408,0.3359,83,2.78
1040,379965,0.05,0.147057,0.3723,358.99,1.1848,0.3347,96,2.82
1041,380330,0.05,0.146503,0.39312,393.41,1.2984,0.3212,45,2.83
1042,380695,0.05,0.147186,0.392298,342.39,1.13,0.3485,74,3.17
1043,381060,0.05,0.147619,0.401425,333.93,1.1021,0.3591,84,3.12
1044,381425,0.05,0.148421,0.395501,387.4,1.2785,0.321,88,2.92
1045,381790,0.05,0.145836,0.383684,317.47,1.0478,0.3669,64,2.85
1046,382155,0.05,0.14721,0.378187,309.42,1.0212,0.3423,92,2.82
1047,382520,0.05,0.148457,0.459978,399.54,1.3186,0.313,53,2.86
1048,382885,0.05,0.148581,0.354896,416.77,1.3755,0.3115,121,3.32
1049,383250,0.05,0.148466,0.389151,356.43,1.1764,0.3372,122,4.14
1050,383615,0.05,0.149078,0.369351,339.97,1.122,0.3445,27,4.11
1051,383980,0.05,0.14907,0.325288,297.35,0.9814,0.3423,136,3.37
1052,384345,0.05,0.147066,0.391638,340.69,1.1244,0.3405,129,2.97
1053,384710,0.05,0.147915,0.403102,365.5,1.2063,0.3436,75,3.2
1054,385075,0.05,0.148078,0.398605,387.31,1.2782,0.3254,60,3.24
1055,385440,0.05,0.146395,0.419217,443.26,1.4629,0.298,112,4.54
1056,385805,0.05,0.147761,0.401463,392.61,1.2957,0.346,134,4.36
1057,386170,0.05,0.149115,0.481827,422.59,1.3947,0.3321,107,4.44
1058,386535,0.05,0.14917,0.391649,371.82,1.2271,0.3314,105,2.95
1059,386900,0.05,0.14722,0.427971,367.52,1.2129,0.3367,36,3.52
1060,387265,0.05,0.1466,0.396827,387.17,1.2778,0.3388,126,3.9
1061,387630,0.05,0.146951,0.392257,348.32,1.1496,0.348,82,3.87
1062,387995,0.05,0.146666,0.405753,361.86,1.1943,0.3287,80,4.37
1063,388360,0.05,0.14619,0.350682,361.15,1.1919,0.3391,114,3.82
1064,388725,0.05,0.145491,0.412023,364.04,1.2015,0.336,148,4.48
1065,389090,0.05,0.143955,0.467302,420.4,1.3875,0.3292,72,4.51
1066,389455,0.05,0.145707,0.416637,361.21,1.1921,0.3507,99,4.32
1067,389820,0.05,0.147876,0.455148,392.38,1.295,0.347,129,4.05
1068,390185,0.05,0.148919,0.387868,410.18,1.3537,0.3264,114,4.39
1069,390550,0.05,0.148769,0.41719,418.3,1.3805,0.3251,130,4.55
1070,390915,0.05,0.148155,0.44035,435.95,1.4388,0.3078,93,4.43
1071,391280,0.05,0.146819,0.380557,400.45,1.3216,0.3363,97,4.43
1072,391645,0.05,0.147356,0.472997,457.2,1.5089,0.3102,61,4.32
1073,392010,0.05,0.148837,0.407786,423.09,1.3963,0.327,156,4.36
1074,392375,0.05,0.14746,0.399368,355.64,1.1737,0.3183,124,4.45
1075,392740,0.05,0.148599,0.425832,386.9,1.2769,0.3248,88,4.48
1076,393105,0.05,0.149558,0.3787,361.64,1.1935,0.332,91,4.37
1077,393470,0.05,0.150334,0.400385,395.22,1.3044,0.306,127,4.38
1078,393835,0.05,0.149648,0.377671,428.57,1.4144,0.3413,158,4.45
1079,394200,0.05,0.150262,0.446584,402.45,1.3282,0.3166,95,4.47
1080,394565,0.05,0.151719,0.420052,381.07,1.2577,0.3425,54,4.36
1081,394930,0.05,0.149934,0.367852,381.83,1.2602,0.3246,103,4.33
1082,395295,0.05,0.149385,0.353556,370.65,1.2233,0.3527,124,4.31
1083,395660,0.05,0.149822,0.350551,315.1,1.0399,0.3591,148,4.37
1084,396025,0.05,0.150096,0.437083,427.57,1.4111,0.3126,113,4.36
1085,396390,0.05,0.149319,0.43299,434.31,1.4334,0.308,122,4.3
1086,396755,0.05,0.150102,0.423201,377.56,1.2461,0.3422,106,4.32
1087,397120,0.05,0.150013,0.38217,407.94,1.3463,0.3173,119,4.29
1088,397485,0.05,0.150961,0.39581,403.55,1.3318,0.3085,127,4.44
1089,397850,0.05,0.150122,0.397064,392.37,1.2949,0.3329,79,4.46
1090,398215,0.05,0.152078,0.406676,370.73,1.2235,0.3068,167,4.43
1091,398580,0.05,0.152113,0.353637,361.07,1.1916,0.3293,69,4.45
1092,398945,0.05,0.151926,0.344603,301.2,0.9941,0.3428,113,4.21
1093,399310,0.05,0.152842,0.393613,368.35,1.2157,0.3247,92,4.34
1094,399675,0.05,0.15178,0.410049,412.88,1.3626,0.3102,121,3.49
1095,400040,0.05,0.152157,0.421932,412.03,1.3598,0.3181,103,3.22
1096,400405,0.05,0.15151,0.401837,393.84,1.2998,0.3335,107,3.01
1097,400770,0.05,0.153829,0.409973,392.68,1.296,0.3279,120,3.06
1098,401135,0.05,0.15479,0.329481,426.98,1.4092,0.3093,106,3.73
1099,401500,0.05,0.155488,0.381139,373.81,1.2337,0.3413,80,3.07
1100,401865,0.05,0.153359,0.469949,464.95,1.5345,0.3109,71,4.38
1101,402230,0.05,0.151911,0.397926,367.58,1.2131,0.323,111,4.33
1102,402595,0.05,0.153614,0.421909,384.44,1.2688,0.3305,67,4.44
1103,402960,0.05,0.156094,0.391017,387.17,1.2778,0.3262,58,4.35
1104,403325,0.05,0.155848,0.382937,407.36,1.3444,0.3259,105,4.41
1105,403690,0.05,0.156425,0.415933,369.88,1.2207,0.3481,75,4.4
1106,404055,0.05,0.156695,0.420208,425.59,1.4046,0.3054,89,4.38
1107,404420,0.05,0.156844,0.367521,401.43,1.3248,0.3325,69,4.09
1108,404785,0.05,0.156949,0.343132,316.22,1.0436,0.3292,108,4.53
1109,405150,0.05,0.158015,0.349075,357.63,1.1803,0.3284,83,3.45
1110,405515,0.05,0.157345,0.345778,341.58,1.1273,0.3277,111,2.83
1111,405880,0.05,0.159725,0.331947,299.27,0.9877,0.355,133,2.96
1112,406245,0.05,0.161331,0.437667,417.98,1.3795,0.3103,72,3.03
1113,406610,0.05,0.159847,0.395633,361.2,1.1921,0.3448,89,2.83
1114,406975,0.05,0.158892,0.361827,388.91,1.2835,0.3188,129,2.8
1115,407340,0.05,0.160647,0.415474,460.5,1.5198,0.2985,74,2.81
1116,407705,0.05,0.160667,0.370187,410.17,1.3537,0.3124,148,2.78
1117,408070,0.05,0.16265,0.39887,377.55,1.246,0.3428,74,2.83
1118,408435,0.05,0.162609,0.4798,453.67,1.4972,0.3181,104,2.86
1119,408800,0.05,0.162655,0.449142,387.45,1.2787,0.3307,61,2.85
1120,409165,0.05,0.162713,0.38713,373.09,1.2313,0.3436,87,2.86
1121,409530,0.05,0.161723,0.450945,415.94,1.3727,0.327,87,2.82
1122,409895,0.05,0.162613,0.37462,348.68,1.1507,0.3392,74,2.83
1123,410260,0.05,0.161848,0.337877,389.59,1.2858,0.3145,86,2.82
1124,410625,0.05,0.162483,0.396722,398.97,1.3167,0.3192,58,2.84
1125,410990,0.05,0.162265,0.359753,392.16,1.2943,0.3271,86,3.16
1126,411355,0.05,0.165234,0.37881,323.12,1.0664,0.3443,75,3.43
1127,411720,0.05,0.165469,0.442422,372.32,1.2288,0.3219,85,3.08
1128,412085,0.05,0.165206,0.377027,354.6,1.1703,0.3209,109,3.38
1129,412450,0.05,0.166525,0.33634,325.13,1.073,0.3479,74,4.02
1130,412815,0.05,0.165775,0.383466,350.8,1.1578,0.3235,75,4.44
1131,413180,0.05,0.166316,0.421732,399.16,1.3174,0.311,101,4.46
1132,413545,0.05,0.168398,0.415533,384.45,1.2688,0.3214,105,4.45
1133,413910,0.05,0.166634,0.405927,500.8,1.6528,0.2691,106,4.46
1134,414275,0.05,0.166398,0.400846,328.1,1.0828,0.3449,93,4.38
1135,414640,0.05,0.167829,0.409441,395.7,1.3059,0.3127,113,4.35
1136,415005,0.05,0.168562,0.373108,336.41,1.1103,0.3313,110,4.33
1137,415370,0.05,0.166982,0.40112,387.93,1.2803,0.3065,67,4.43
1138,415735,0.05,0.165328,0.34092,330.6,1.0911,0.3366,105,4.52
1139,416100,0.05,0.167523,0.424733,403.68,1.3323,0.3305,125,4.48
1140,416465,0.05,0.167986,0.401461,392.46,1.2952,0.3293,100,4.53
1141,416830,0.05,0.168178,0.362544,351.47,1.16,0.3366,94,4.45
1142,417195,0.05,0.168692,0.392905,381.96,1.2606,0.3343,45,4.55
1143,417560,0.05,0.169229,0.416855,433.04,1.4292,0.3117,99,4.56
1144,417925,0.05,0.169695,0.396232,355.97,1.1748,0.3363,134,4.55
1145,418290,0.05,0.171179,0.350738,394.91,1.3033,0.3102,118,4.44
1146,418655,0.05,0.169995,0.389199,361.98,1.1946,0.3306,92,4.54
1147,419020,0.05,0.169045,0.388684,382.21,1.2614,0.3081,94,4.44
1148,419385,0.05,0.170498,0.360805,307.73,1.0156,0.3445,87,4.46
1149,419750,0.05,0.170376,0.394662,403.23,1.3308,0.3222,102,4.33
1150,420115,0.05,0.171344,0.353035,337.33,1.1133,0.3254,86,4.34
1151,420480,0.05,0.170709,0.368176,317.67,1.0484,0.3557,129,4.49
1152,420845,0.05,0.171153,0.355621,311.71,1.0287,0.3527,137,4.32
1153,421210,0.05,0.169049,0.447624,377.43,1.2457,0.3321,90,4.29
1154,421575,0.05,0.169861,0.419416,455.34,1.5028,0.2893,65,4.39
1155,421940,0.05,0.170241,0.36456,339.7,1.1211,0.3439,48,4.46
1156,422305,0.05,0.17013,0.404808,341.95,1.1285,0.3598,120,4.46
1157,422670,0.05,0.170156,0.421497,374.96,1.2375,0.3254,51,4.34
1158,423035,0.05,0.17066,0.373019,339.77,1.1214,0.3423,65,4.39
1159,423400,0.05,0.171414,0.440849,404.18,1.3339,0.3537,71,4.48
1160,423765,0.05,0.169575,0.356171,360.03,1.1882,0.3438,75,4.49
1161,424130,0.05,0.170535,0.43868,401.27,1.3243,0.3226,73,4.28
1162,424495,0.05,0.169701,0.421271,396.99,1.3102,0.3402,58,4.35
1163,424860,0.05,0.171257,0.417032,387.56,1.2791,0.3189,70,4.4
1164,425225,0.05,0.170272,0.359654,379.69,1.2531,0.3055,76,4.46
1165,425590,0.05,0.17085,0.310896,368.56,1.2164,0.3191,77,4.47
1166,425955,0.05,0.169702,0.403073,359.99,1.1881,0.3363,104,4.45
1167,426320,0.05,0.17228,0.377453,339.25,1.1196,0.3531,88,4.5
1168,426685,0.05,0.171578,0.392894,374.27,1.2352,0.3454,94,3.87
1169,427050,0.05,0.172254,0.374435,381.16,1.2579,0.3173,41,3.32
1170,427415,0.05,0.172172,0.354267,357.97,1.1814,0.3395,86,4.4
1171,427780,0.05,0.169825,0.40906,411.19,1.357,0.3007,59,4.4
1172,428145,0.05,0.171169,0.378899,372.91,1.2307,0.3234,40,4.39
1173,428510,0.05,0.171722,0.357128,357.13,1.1786,0.3213,133,4.25
1174,428875,0.05,0.171834,0.475378,414.7,1.3686,0.3256,60,3.24
1175,429240,0.05,0.170546,0.318943,346.28,1.1428,0.3394,116,4.37
1176,429605,0.05,0.170845,0.496094,433.29,1.43,0.3222,93,4.31
1177,429970,0.05,0.169861,0.333844,382.43,1.2622,0.319,63,4.43
1178,430335,0.05,0.17175,0.326062,324.88,1.0722,0.3362,112,4.46
1179,430700,0.05,0.171504,0.437458,385.26,1.2715,0.3247,37,4.44
1180,431065,0.05,0.172149,0.340225,318.92,1.0525,0.3304,35,4.35
1181,431430,0.05,0.170625,0.344989,314.42,1.0377,0.3325,108,4.31
1182,431795,0.05,0.169293,0.395409,377.41,1.2456,0.318,78,4.39
1183,432160,0.05,0.171348,0.392031,352.92,1.1648,0.333,62,4.35
1184,432525,0.05,0.170536,0.350654,301.39,0.9947,0.3592,109,4.01
1185,432890,0.05,0.173286,0.38544,358.59,1.1835,0.3333,95,3.35
1186,433255,0.05,0.173369,0.395959,354.62,1.1704,0.3325,85,3.23
1187,433620,0.05,0.172115,0.40144,362.65,1.1969,0.3491,57,3.14
1188,433985,0.05,0.170951,0.349596,349.45,1.1533,0.3286,37,2.92
1189,434350,0.05,0.171181,0.400101,313.83,1.0357,0.3371,120,3.22
1190,434715,0.05,0.171535,0.390889,447.5,1.4769,0.2738,80,3.01
1191,435080,0.05,0.170353,0.391428,393.62,1.2991,0.3297,63,3.24
1192,435445,0.05,0.172076,0.414974,401.45,1.3249,0.3329,121,3.28
1193,435810,0.05,0.172387,0.430266,390.63,1.2892,0.316,89,2.94
1194,436175,0.05,0.172052,0.387049,377.54,1.246,0.3117,115,2.92
1195,436540,0.05,0.173465,0.359033,334.54,1.1041,0.3342,106,3.02
1196,436905,0.05,0.172983,0.342226,305.65,1.0087,0.3417,100,3.35
1197,437270,0.05,0.173838,0.354313,380.8,1.2568,0.3305,56,3.13
1198,437635,0.05,0.17356,0.40606,352.49,1.1633,0.3313,88,3.03
1199,438000,0.05,0.174847,0.321023,396.92,1.31,0.3245,117,3.18
1200,438365,0.05,0.173686,0.389918,338.97,1.1187,0.3478,73,3.34
1201,438730,0.05,0.173965,0.375152,341.15,1.1259,0.3532,86,3.47
1202,439095,0.05,0.173556,0.418323,348.9,1.1515,0.3332,60,3.44
1203,439460,0.05,0.174496,0.359807,355.78,1.1742,0.3231,94,2.97
1204,439825,0.05,0.174222,0.37786,349.42,1.1532,0.3347,107,2.83
1205,440190,0.05,0.173518,0.436273,417.72,1.3786,0.3071,52,3.06
1206,440555,0.05,0.173451,0.347365,344.75,1.1378,0.347,97,2.97
1207,440920,0.05,0.172567,0.359141,317.03,1.0463,0.3435,87,2.81
1208,441285,0.05,0.1734,0.361577,360.78,1.1907,0.3282,100,2.78
1209,441650,0.05,0.17441,0.382969,365.72,1.207,0.3333,88,2.86
1210,442015,0.05,0.175845,0.387679,370.94,1.2242,0.3247,106,2.83
1211,442380,0.05,0.173951,0.37052,388.54,1.2823,0.3197,33,2.9
1212,442745,0.05,0.173082,0.34537,342.68,1.131,0.3368,88,2.84
1213,443110,0.05,0.172685,0.269204,272.06,0.8979,0.3514,142,2.84
1214,443475,0.05,0.172744,0.389117,401.28,1.3244,0.3156,80,2.96
1215,443840,0.05,0.171745,0.328845,310.63,1.0252,0.3447,69,3.34
1216,444205,0.05,0.17214,0.324211,295.0,0.9736,0.3496,91,2.81
1217,444570,0.05,0.171895,0.338213,381.25,1.2583,0.3057,132,2.79
1218,444935,0.05,0.174443,0.33482,306.91,1.0129,0.3515,116,2.84
1219,445300,0.05,0.171005,0.374739,357.99,1.1815,0.3196,54,2.78
1220,445665,0.05,0.16854,0.390066,368.06,1.2147,0.347,45,2.77
1221,446030,0.05,0.168409,0.357528,356.09,1.1752,0.3252,107,2.79
1222,446395,0.05,0.170267,0.331795,335.74,1.1081,0.3271,70,2.98
1223,446760,0.05,0.168779,0.400673,377.42,1.2456,0.3374,70,4.34
1224,447125,0.05,0.169069,0.35742,328.05,1.0827,0.3341,67,3.48
1225,447490,0.05,0.167481,0.390879,346.48,1.1435,0.3443,49,4.38
1226,447855,0.05,0.170382,0.381706,378.55,1.2493,0.3224,28,4.42
1227,448220,0.05,0.169947,0.345905,324.89,1.0723,0.3439,83,4.42
1228,448585,0.05,0.171008,0.464537,416.19,1.3736,0.3193,83,3.45
1229,448950,0.05,0.170551,0.378635,327.13,1.0796,0.3592,46,3.11
1230,449315,0.05,0.170901,0.295935,277.13,0.9146,0.3383,90,3.01
1231,449680,0.05,0.169995,0.407776,380.36,1.2553,0.3262,93,4.02
1232,450045,0.05,0.168468,0.359294,328.17,1.0831,0.3504,75,4.36
1233,450410,0.05,0.168707,0.388472,339.17,1.1194,0.3344,29,4.44
1234,450775,0.05,0.168907,0.31731,286.04,0.944,0.339,90,4.46
1235,451140,0.05,0.169523,0.340405,384.67,1.2695,0.3096,101,4.46
1236,451505,0.05,0.169451,0.372108,355.85,1.1744,0.3386,106,4.45
1237,451870,0.05,0.171137,0.403558,398.78,1.3161,0.3276,127,4.06
1238,452235,0.05,0.170888,0.310548,284.07,0.9375,0.36,95,3.67
1239,452600,0.05,0.169071,0.330906,329.24,1.0866,0.333,108,3.28
1240,452965,0.05,0.170587,0.34412,314.18,1.0369,0.3413,107,3.15
1241,453330,0.05,0.169862,0.386959,419.91,1.3858,0.2941,95,3.4
1242,453695,0.05,0.171308,0.40922,364.41,1.2027,0.3306,77,3.3
1243,454060,0.05,0.17129,0.424803,403.68,1.3323,0.3159,56,3.09
1244,454425,0.05,0.171217,0.35904,393.98,1.3003,0.3097,59,2.94
1245,454790,0.05,0.171243,0.322414,276.03,0.911,0.3579,128,2.9
1246,455155,0.05,0.171212,0.381003,354.29,1.1693,0.3371,54,2.87
1247,455520,0.05,0.170879,0.395814,368.61,1.2165,0.3315,44,2.89
1248,455885,0.05,0.171954,0.334291,293.05,0.9672,0.3453,64,2.8
1249,456250,0.05,0.17092,0.381702,356.81,1.1776,0.324,56,2.89
1250,456615,0.05,0.171599,0.423637,416.63,1.375,0.3313,77,2.81
1251,456980,0.05,0.170674,0.334456,357.33,1.1793,0.3288,32,2.87
1252,457345,0.05,0.170315,0.361746,325.72,1.075,0.3451,57,3.02
1253,457710,0.05,0.16934,0.349549,325.7,1.0749,0.3486,101,2.96
1254,458075,0.05,0.172163,0.392564,370.44,1.2226,0.3154,70,2.84
1255,458440,0.05,0.172414,0.298237,301.92,0.9964,0.3656,156,2.8
1256,458805,0.05,0.171816,0.366698,366.81,1.2106,0.3321,110,3.13
1257,459170,0.05,0.171911,0.307967,291.65,0.9625,0.3462,137,3.8
1258,459535,0.05,0.174456,0.359636,322.1,1.063,0.3492,65,4.31
1259,459900,0.05,0.173747,0.312668,309.53,1.0216,0.3355,98,4.34
1260,460265,0.05,0.17317,0.31697,289.26,0.9547,0.3559,103,4.34
1261,460630,0.05,0.171527,0.41635,407.05,1.3434,0.3502,121,4.33
1262,460995,0.05,0.174614,0.328848,318.37,1.0507,0.327,99,4.32
1263,461360,0.05,0.172713,0.348021,344.81,1.138,0.3311,75,4.29
1264,461725,0.05,0.171709,0.355559,337.26,1.1131,0.3311,115,4.31
1265,462090,0.05,0.173864,0.330924,279.89,0.9237,0.3516,129,4.43
1266,462455,0.05,0.173612,0.349215,346.34,1.143,0.3381,64,4.53
1267,462820,0.05,0.174181,0.405334,420.65,1.3883,0.3253,54,4.42
1268,463185,0.05,0.17349,0.299446,308.21,1.0172,0.3477,92,4.41
1269,463550,0.05,0.174392,0.410891,377.47,1.2458,0.335,59,4.37
1270,463915,0.05,0.174894,0.394532,380.89,1.2571,0.3208,60,4.4
1271,464280,0.05,0.174518,0.395263,330.7,1.0914,0.3385,45,3.51
1272,464645,0.05,0.173746,0.417151,375.48,1.2392,0.3218,75,2.9
1273,465010,0.05,0.17209,0.350518,295.1,0.9739,0.3492,69,2.98
1274,465375,0.05,0.17169,0.361139,373.67,1.2332,0.3076,101,2.82
1275,465740,0.05,0.169531,0.345003,344.66,1.1375,0.3288,43,3.15
1276,466105,0.05,0.170278,0.356384,312.26,1.0306,0.3617,105,3.1
1277,466470,0.05,0.169357,0.350406,383.3,1.265,0.3111,54,2.82
1278,466835,0.05,0.171449,0.37863,322.83,1.0654,0.3485,55,2.78
1279,467200,0.05,0.170677,0.342131,380.09,1.2544,0.3381,83,2.95
1280,467565,0.05,0.172514,0.239777,289.62,0.9559,0.3352,106,3.54
1281,467930,0.05,0.171077,0.369209,344.74,1.1377,0.3386,67,3.1
1282,468295,0.05,0.17121,0.345562,304.69,1.0056,0.3693,145,2.83
1283,468660,0.05,0.172258,0.374223,325.28,1.0735,0.334,96,2.8
1284,469025,0.05,0.173041,0.293115,284.92,0.9403,0.3382,119,2.87
1285,469390,0.05,0.172314,0.372556,340.88,1.125,0.3415,86,2.79
1286,469755,0.05,0.171882,0.359337,319.16,1.0533,0.3346,99,2.83
1287,470120,0.05,0.172026,0.351284,341.38,1.1267,0.3084,92,2.91
1288,470485,0.05,0.172106,0.312651,275.26,0.9084,0.349,119,2.79
1289,470850,0.05,0.171468,0.3129,311.17,1.027,0.3293,100,2.8
1290,471215,0.05,0.1711,0.4023,394.76,1.3028,0.3171,56,2.81
1291,471580,0.05,0.170645,0.411792,410.63,1.3552,0.3155,48,3.35
1292,471945,0.05,0.171504,0.326416,333.65,1.1012,0.3323,58,3.76
1293,472310,0.05,0.170219,0.343496,312.21,1.0304,0.3504,46,3.61
1294,472675,0.05,0.171192,0.394796,306.73,1.0123,0.3442,87,2.89
1295,473040,0.05,0.169837,0.34202,357.93,1.1813,0.3244,101,2.86
1296,473405,0.05,0.169935,0.391223,356.37,1.1761,0.3223,71,2.87
1297,473770,0.05,0.172791,0.322699,304.59,1.0052,0.37,103,3.07
1298,474135,0.05,0.16973,0.347899,347.36,1.1464,0.3428,73,3.42
1299,474500,0.05,0.168581,0.436874,381.62,1.2595,0.3528,88,2.97
1300,474865,0.05,0.168978,0.32393,278.7,0.9198,0.355,87,2.96
1301,475230,0.05,0.168424,0.395863,378.85,1.2503,0.3243,155,3.2
1302,475595,0.05,0.169758,0.313847,282.04,0.9308,0.362,146,2.82
1303,475960,0.05,0.17067,0.340576,323.28,1.0669,0.3403,59,2.77
1304,476325,0.05,0.170542,0.311727,297.24,0.981,0.3446,70,2.81
1305,476690,0.05,0.170853,0.381612,334.97,1.1055,0.3374,68,2.75
1306,477055,0.05,0.171277,0.38322,386.87,1.2768,0.3171,61,2.78
1307,477420,0.05,0.171437,0.300647,267.74,0.8836,0.3427,136,2.89
1308,477785,0.05,0.17332,0.304184,274.97,0.9075,0.3578,86,2.9
1309,478150,0.05,0.172851,0.367729,372.31,1.2287,0.3298,96,2.82
1310,478515,0.05,0.171508,0.361587,302.95,0.9998,0.3517,114,3.4
1311,478880,0.05,0.173857,0.371047,373.74,1.2335,0.3255,116,3.77
1312,479245,0.05,0.173094,0.330033,298.81,0.9862,0.3365,98,3.08
1313,479610,0.05,0.171116,0.412313,411.19,1.3571,0.3235,87,2.99
1314,479975,0.05,0.171014,0.291388,264.9,0.8743,0.3414,185,3.19
1315,480340,0.05,0.169879,0.348969,346.04,1.142,0.3464,87,2.88
1316,480705,0.05,0.16897,0.27742,262.43,0.8661,0.3514,86,2.9
1317,481070,0.05,0.17013,0.297776,300.53,0.9918,0.3406,109,2.87
1318,481435,0.05,0.167644,0.376865,316.37,1.0441,0.3471,62,2.94
1319,481800,0.05,0.16756,0.426374,386.21,1.2746,0.3615,103,2.91
1320,482165,0.05,0.166492,0.404415,342.35,1.1299,0.3329,195,2.97
1321,482530,0.05,0.166075,0.367859,384.56,1.2692,0.3351,93,2.87
1322,482895,0.05,0.167026,0.366419,336.85,1.1117,0.3634,65,2.85
1323,483260,0.05,0.168706,0.382442,348.65,1.1507,0.3592,164,2.82
1324,483625,0.05,0.166701,0.359929,313.96,1.0362,0.3738,105,2.75
1325,483990,0.05,0.166142,0.412106,367.78,1.2138,0.3497,88,3.0
1326,484355,0.05,0.166579,0.451792,384.61,1.2693,0.3465,146,2.86
1327,484720,0.05,0.166295,0.354264,298.04,0.9836,0.3477,124,2.88
1328,485085,0.05,0.166703,0.42703,435.17,1.4362,0.3165,69,2.96
1329,485450,0.05,0.165808,0.353606,325.51,1.0743,0.343,124,4.18
1330,485815,0.05,0.166799,0.315567,341.16,1.126,0.3395,154,3.59
1331,486180,0.05,0.16708,0.323938,273.49,0.9026,0.3453,134,2.9
1332,486545,0.05,0.1678,0.332436,298.19,0.9841,0.3803,151,2.98
1333,486910,0.05,0.165992,0.382872,309.05,1.02,0.345,127,2.85
1334,487275,0.05,0.165108,0.377287,374.18,1.2349,0.338,145,2.86
1335,487640,0.05,0.1669,0.366427,356.63,1.177,0.347,123,2.91
1336,488005,0.05,0.165956,0.32179,288.0,0.9505,0.3443,176,2.88
1337,488370,0.05,0.167468,0.418911,364.79,1.2039,0.368,133,2.93
1338,488735,0.05,0.16689,0.370252,334.55,1.1041,0.3664,102,2.85
1339,489100,0.05,0.167848,0.35862,335.65,1.1077,0.3534,97,3.06
1340,489465,0.05,0.165806,0.287028,275.12,0.908,0.3573,119,3.16
1341,489830,0.05,0.166467,0.397333,360.84,1.1909,0.336,153,2.99
1342,490195,0.05,0.165834,0.361987,356.7,1.1772,0.3458,106,3.16
1343,490560,0.05,0.1657,0.352028,311.27,1.0273,0.3484,178,2.98
1344,490925,0.05,0.167398,0.372521,376.64,1.243,0.3477,100,2.83
1345,491290,0.05,0.168234,0.376596,378.36,1.2487,0.3287,89,2.83
1346,491655,0.05,0.167908,0.361282,364.72,1.2037,0.3296,80,2.84
1347,492020,0.05,0.169443,0.408086,385.47,1.2722,0.3205,72,3.32
1348,492385,0.05,0.165921,0.320483,351.71,1.1608,0.3365,136,3.47
1349,492750,0.05,0.164901,0.372009,371.63,1.2265,0.3348,82,3.23
1350,493115,0.05,0.166765,0.416961,350.19,1.1557,0.3612,110,3.1
1351,493480,0.05,0.165819,0.329759,304.39,1.0046,0.3446,139,2.98
1352,493845,0.05,0.166529,0.34317,298.46,0.985,0.3433,40,2.82
1353,494210,0.05,0.164306,0.338728,305.69,1.0089,0.3533,71,3.06
1354,494575,0.05,0.164353,0.31327,368.52,1.2162,0.3287,168,2.85
1355,494940,0.05,0.164648,0.376947,413.69,1.3653,0.3129,111,3.02
1356,495305,0.05,0.165643,0.402569,382.26,1.2616,0.3438,152,4.35
1357,495670,0.05,0.165298,0.336308,265.5,0.8762,0.3574,136,4.48
1358,496035,0.05,0.163556,0.337191,335.58,1.1075,0.3488,77,4.43
1359,496400,0.05,0.163819,0.317753,302.47,0.9982,0.3398,101,4.51
1360,496765,0.05,0.164529,0.392263,356.09,1.1752,0.3437,131,3.66
1361,497130,0.05,0.165564,0.341417,294.81,0.973,0.3639,120,2.87
1362,497495,0.05,0.16636,0.377301,357.31,1.1792,0.3353,101,2.96
1363,497860,0.05,0.165285,0.349357,324.69,1.0716,0.3662,143,2.85
1364,498225,0.05,0.165236,0.389284,354.38,1.1696,0.3424,128,2.88
1365,498590,0.05,0.16489,0.27329,263.25,0.8688,0.3459,150,2.87
1366,498955,0.05,0.164669,0.286818,264.4,0.8726,0.374,159,2.93
1367,499320,0.05,0.164608,0.376473,346.24,1.1427,0.3574,127,3.12
1368,499685,0.05,0.163927,0.36873,328.91,1.0855,0.3569,149,3.14
1369,500050,0.05,0.162797,0.348652,303.69,1.0023,0.3471,152,2.84
